y_true,NASNetMobile_224x224_lightaug,InceptionResNetV2_224x224_lightaug,NASNetLarge_224x224_lightaug,ResNet50_224x224_lightaug,DenseNet121_224x224_lightaug
0,3.2646067e-06,0.0005758686,0.0034376772,0.0034624492,0.13941365
0,2.1876327e-05,0.0017034155,0.042581387,0.00462598,0.0022472602
0,8.6871005e-06,0.00011986527,0.14889118,0.021089543,0.0366441
0,1.7314412e-07,5.572208e-06,0.0014607392,0.00052731676,0.008302549
0,1.6127795e-05,0.00019498578,2.2475347e-06,0.0015600929,0.008914134
0,1.4012849e-05,0.0007948281,1.8349839e-07,0.0019165301,0.006181227
0,8.229524e-06,0.0010411687,3.3704403e-06,0.00033602762,0.00036864143
0,2.4458604e-06,0.0019819462,2.0210692e-07,0.001194209,0.005731937
0,5.1423984e-07,0.0012468641,6.1846854e-06,0.004280726,0.48437446
0,0.00011728023,0.0003184115,0.00046290155,0.0015111356,0.017554782
0,8.026631e-07,9.829195e-06,4.4769035e-08,0.00015497218,0.0033655008
0,1.6661004e-09,4.0792183e-05,0.00041360303,1.8409153e-05,2.2042375e-09
0,2.227106e-05,0.0016243064,0.0061739488,0.00035222547,1.3988935e-08
0,3.5214807e-06,4.1597977e-07,1.9039854e-06,0.0010140234,1.7271138e-07
0,2.7292742e-08,1.7375716e-07,0.059775982,0.000116323165,9.500641e-07
0,2.2217808e-08,6.639987e-05,0.00018516021,0.0074464194,4.784054e-08
0,1.6852687e-06,0.00013171251,1.6756181e-07,0.0024632767,3.1023674e-06
0,1.7610967e-08,1.6049331e-05,0.05740582,0.0044004032,3.5750567e-05
0,3.4607236e-08,2.161196e-06,0.58208835,7.86016e-07,1.992853e-08
0,0.0016273761,5.261619e-05,0.0122815855,0.020235622,3.7892358e-05
0,2.5673675e-05,1.5380268e-05,0.7800793,0.0041880943,0.00038350836
0,0.80838436,0.00054963003,3.3452252e-05,0.0030761508,0.000103179715
0,0.00013174253,0.00028859763,4.2489674e-08,0.23371612,0.8716607
0,1.04604815e-05,0.0028802673,1.0588809e-08,0.00107356,3.1987304e-07
0,9.425858e-06,1.7883845e-05,0.18706435,2.5753855e-07,1.9445363e-08
0,1.5388732e-06,2.6048735e-07,0.00760611,4.7159974e-06,1.1644485e-09
0,1.7247667e-07,0.00022710054,0.00022100215,6.452254e-06,1.863749e-07
0,0.053972416,0.0004963324,6.0940415e-06,5.3745964e-05,1.0371025e-05
0,0.094511725,0.0030047987,0.0020164691,0.0016941401,5.8953934e-05
0,0.0021909843,0.0044614836,0.0012758644,0.15377125,0.16623041
0,0.35186455,0.00050801097,8.087597e-05,0.00011165649,3.9236493e-06
0,0.06739254,0.003965697,4.1563235e-05,0.0016161713,0.00012863996
0,0.007833069,0.00058151496,0.0013338457,0.0026772446,1.24737435e-05
0,0.015098671,0.00028604324,0.00033495933,2.7995776e-07,2.6689353e-08
0,0.0014364393,0.0013257348,0.0055140727,3.0046247e-06,1.3139594e-06
0,0.00014652795,0.00038524062,0.00110036,0.0009369369,3.372262e-05
0,0.00059351913,7.919014e-06,0.00034056694,0.0027157636,0.00070165563
0,0.0008050155,7.78299e-05,0.001552285,0.0006137134,6.664283e-05
0,0.0008056866,0.0006076481,0.0006542064,0.012153682,0.00041887653
0,0.13728753,0.006268114,0.0058416,0.0023692583,0.0009025175
0,0.00032053012,0.006359685,0.0005047582,0.034157548,0.0037980657
0,0.24628265,0.0012071887,0.0638069,0.011951398,0.00054457906
0,4.9192804e-05,6.6836496e-05,0.003160494,0.0046026157,1.0403894e-05
0,4.9934475e-05,0.0056026466,0.13991958,0.0076406584,0.0127040455
0,6.359989e-08,2.5188305e-05,0.009830969,1.075944e-05,0.00052255066
0,9.812841e-05,0.00011238864,0.7591755,0.0014035052,0.14576027
0,0.0002800128,0.00012952667,1.185107e-05,0.0264839,0.0036239058
0,7.041423e-06,0.00091492356,1.5655447e-06,0.08008972,0.0036375711
0,5.0985063e-06,1.8224622e-05,1.1981397e-09,0.0008172605,4.6745266e-05
0,1.5250944e-07,1.434526e-06,3.8619422e-10,0.00022968272,3.7152768e-06
0,2.6569364e-06,0.00037696352,0.00024456345,0.0016676331,0.01681635
0,8.893284e-07,0.0027814026,0.005967285,0.00019517941,0.18756868
0,8.2979e-07,0.006410551,0.0066595213,0.007967292,0.084029056
0,2.9737319e-06,0.0022497675,0.12656623,0.012391321,0.32436636
0,6.060867e-07,9.666509e-05,0.00050657004,3.811059e-05,0.00040219413
0,1.1634805e-05,3.465031e-05,0.3966845,0.0025483728,0.06771531
0,0.0001786218,0.0011094899,9.590411e-05,0.014076858,0.002850087
0,1.2128266e-05,0.002181569,0.0016644556,0.020557864,0.0015181453
0,0.0045577832,2.7077383e-05,0.0014320441,0.0054306327,1.1163932e-05
0,0.0008903344,0.00028043307,0.065332696,0.010259777,0.0011096929
0,0.01846771,1.2282258e-05,1.7346208e-06,0.00017135295,0.00013344074
0,0.009809182,0.0010965519,2.0929378e-06,2.2230362e-05,4.1210324e-06
0,0.2453341,0.0011823446,4.613597e-06,0.029386286,0.00077104114
0,7.508914e-05,7.8114535e-06,0.0008977404,3.3271937e-07,9.288586e-05
0,0.1714216,0.00010406159,0.0033057511,0.00035495995,0.00080609444
0,2.631497e-05,0.0011827175,2.0083746e-07,0.00012502812,4.2580454e-05
0,0.0004698934,0.0007772582,0.022808788,0.008942163,0.0020698367
0,0.000230913,2.6319913e-05,0.35479274,6.484745e-06,2.7721046e-05
0,0.0015858475,0.005265196,0.8389316,0.061950292,0.0052000647
0,0.00084985676,0.0015658941,4.563547e-05,0.11012591,0.00024707144
0,0.00022021314,0.0007482564,0.0008865779,0.031536214,5.5587705e-05
0,0.00029176756,5.1397295e-05,0.00036387646,0.00039131404,6.525005e-05
0,0.11318451,0.016983772,0.00010249269,0.0860371,0.00031456866
0,0.040332552,0.00045829214,2.222035e-08,0.0019792365,0.00055533147
0,0.004233762,0.008114962,0.00013530876,0.0025071907,0.005438805
0,0.014880038,0.13552018,8.863217e-05,0.34215042,0.016694948
0,6.337148e-05,0.05210748,5.7498128e-06,0.39345598,0.07325513
0,2.1690083e-07,0.0037309846,0.0009677043,0.0410102,0.16958283
0,0.0008861759,0.057538927,0.011309057,0.19131996,0.1537768
0,0.0003019667,0.35018483,0.005770403,0.20394757,0.042449683
0,3.642927e-06,0.0047133286,1.4132139e-06,0.60093683,0.057624537
0,0.0014770207,0.0048895944,0.0022865136,0.0013855366,0.005047143
0,0.06469422,0.004586634,0.007492876,0.00012596439,0.0043957513
0,0.15415536,0.2765748,0.009396145,0.35977194,0.73935366
0,0.11152143,0.43439493,0.002288832,0.7819107,0.3361093
0,0.07173406,0.27150658,0.0015895057,0.1773359,0.077338114
0,0.05295744,0.0021038253,0.0040307124,0.00028132828,0.0044104233
0,0.049609855,0.017282894,0.02882429,0.94305646,0.105281666
0,1.37838715e-05,3.8992304e-05,2.8956383e-06,0.00021169796,0.0001841972
0,0.80920404,0.62509143,0.80873454,0.14494123,0.41346097
0,0.0003650006,0.017688638,0.003912307,0.2478605,0.5036771
0,0.00047674077,0.0054648826,0.00092836627,0.015015382,0.010640413
0,0.011589132,0.009238218,0.6160294,0.00174184,0.39468914
0,0.00011140411,0.0055846637,0.016464105,0.0021501735,0.065477714
0,0.0061624055,0.052777678,0.9652484,0.0014610327,0.0075292434
0,0.1822327,0.033906523,0.888681,0.10822668,0.40239844
0,1.4406486e-05,0.011996687,0.0019008965,0.0011707809,0.5503032
0,0.0029396787,0.122142486,0.65677065,0.018094607,0.78909796
0,5.529415e-06,0.0012901475,0.073423855,0.0008283794,0.0035216678
0,0.016894246,0.087931335,0.009965122,0.015375402,0.099213846
0,0.028533299,0.1531819,0.0020383021,0.02156814,0.3804296
0,0.00047513453,0.1553324,0.001660358,0.024189675,0.014879855
0,0.0011792644,0.07429847,0.0047916383,0.030205127,0.019148856
0,0.0012369013,0.08662372,0.0026132502,0.3727797,0.44071445
0,0.032905795,0.004791889,0.0050649266,0.00011249961,0.00020316606
0,0.009784699,0.00060413417,7.217745e-06,0.006668884,0.00021067986
0,0.0035167048,0.008876036,0.017426474,0.005681164,0.018673241
0,0.027952636,0.00027635015,0.053068206,0.00012314317,0.0019106433
0,0.16844964,0.00047734324,0.055592995,6.6860965e-05,0.0010338076
0,0.022066101,4.4713343e-05,0.5591389,0.0005201178,4.9193644e-05
0,0.0022269418,0.0002461404,0.00017206254,0.0007129928,2.1172382e-05
0,0.14221178,0.0036136555,0.015138881,0.2665545,0.0052032135
0,0.011677728,0.004461458,0.0009496246,0.013713913,0.00039949708
0,1.9330493e-05,0.00012441515,0.012045491,1.13950355e-05,0.00016910893
0,0.113537155,0.0045104325,0.16594292,0.06624716,0.00085688435
0,0.0014029286,0.0011241634,0.0004442709,0.00012614035,3.825103e-05
0,0.021218823,8.245878e-05,0.07078392,0.00096502923,0.000519699
0,0.99835485,0.9515676,0.998168,0.99997985,1.0
0,0.96413356,0.2247525,0.00020578477,4.662711e-05,0.7891293
0,0.9969932,0.5372337,0.20669006,0.011053703,0.99995005
0,0.03750438,0.27108455,1.2147568e-07,0.800161,0.99999976
0,0.9944159,0.9994942,0.0012281704,0.6757222,1.0
0,0.9749128,0.57022977,0.00018040277,0.100507006,1.0
0,0.02465,0.02300659,0.0018790658,0.0008073343,0.7106919
0,0.9956736,0.21805704,0.97983515,0.02456346,0.98057395
0,0.99936515,0.19591904,0.24488783,0.094638385,0.99577796
0,0.9993569,0.82099617,0.8495178,0.05807721,0.9692523
0,0.9925047,0.99738246,0.9773207,0.9951787,0.9999994
0,0.9985656,0.99143994,0.9382074,0.99937004,1.0
0,0.99880135,0.464331,0.25580028,0.99977356,1.0
0,0.8533625,0.01472566,0.0015689834,0.12899697,0.9753616
0,0.99781466,0.968971,0.044996385,0.9990915,0.99999714
0,0.89027566,0.84474957,0.31873882,0.99624324,0.99983203
0,0.98225856,0.46075875,0.97560716,0.998594,1.0
0,0.9987179,0.9949975,0.6927015,0.9942656,1.0
0,0.9840726,0.94597185,0.001518501,0.9976174,0.9999976
0,0.9372407,0.18988386,9.030165e-05,0.0032448252,0.99993455
0,0.9885183,0.8206663,0.63535833,0.99558157,1.0
0,0.8883959,0.6429525,0.0019063216,0.99337065,0.99998593
0,0.5400333,0.90564877,0.0032296742,0.99984145,1.0
0,0.038041987,0.019861894,0.020388916,0.99878734,0.9997874
0,0.9962669,0.67483747,0.17030923,0.9995962,1.0
0,0.9957321,0.09869504,0.0013282925,0.4588727,1.0
0,0.66050494,0.1142426,0.15297201,0.9862299,0.9971571
0,0.55337363,0.8934268,0.6667185,0.77974445,0.9968231
0,0.99129593,0.018693296,0.0009536757,0.0033668443,0.9999981
0,0.99882084,0.04165077,0.0001404579,0.8699299,0.98032904
0,0.99155444,0.045614414,0.00063469284,0.11809277,0.98990893
0,0.96620566,0.08612916,0.11021864,0.48982483,0.9999398
0,0.42203116,0.050890174,0.000664517,0.01690532,0.8239071
0,0.9988225,0.9937587,0.99878126,0.99954283,1.0
0,0.99944824,0.9860094,0.020800255,0.8519121,0.99999976
0,0.9355625,0.9921467,0.9341558,0.99751234,0.9999999
0,0.9974886,0.99978286,0.9720572,0.9985531,0.99999714
0,0.9681492,0.99983954,0.92464876,0.8103685,0.9998827
0,0.076634906,0.7238654,0.00027014234,0.010871771,0.99880695
0,0.014177715,0.6869623,0.9988642,0.4711271,0.4848218
0,0.005848557,0.8293613,0.8652111,0.7559023,0.70039654
0,0.8806175,0.9659901,0.9951357,0.9281413,0.99999917
0,0.1292956,0.9416462,0.00092263496,0.00034117856,0.99987257
0,0.96937984,0.97100663,0.4515162,0.0030146542,0.99999964
0,0.04081292,0.8755231,0.99444133,0.010047303,0.97120935
0,0.09798829,0.98927444,0.81180876,0.9975477,0.99545586
0,0.00038832735,0.13607702,0.0015078713,0.0011185452,0.9983712
0,0.03340651,0.58988625,0.00015906499,0.00016544678,0.97239435
0,0.0007509699,0.019331269,0.0039984453,0.00029587164,0.98272574
0,0.061408762,0.49066707,0.003351298,0.060929433,0.9990608
0,0.11752752,0.9575555,0.00060791394,0.0034698085,0.9708712
0,0.006443064,0.09680481,0.0002767132,0.0008970714,0.9675721
0,0.0060626804,0.13187626,0.15744488,0.82480997,0.9861953
0,0.0022935146,0.130003,8.568968e-06,0.0004193472,0.9401688
0,0.0007109864,0.9265701,0.008612144,0.68966436,0.9986197
0,0.98573303,0.27203742,0.937969,0.9992021,0.9809559
0,0.845759,0.33903193,0.0002927528,0.8716315,0.992164
0,0.003986761,0.587334,0.99878806,0.028636673,0.9993789
0,0.85234827,0.6502039,0.9944682,0.22471985,1.0
0,0.99553764,0.8795079,0.05902022,0.008318869,0.9999994
0,0.007934475,0.96879727,0.8372061,0.6487018,0.9873734
0,0.0007960382,0.38939083,0.101712234,0.14539558,0.99173963
0,0.00023354944,0.6155801,0.001608661,0.0019397839,0.99518603
0,0.0021597594,0.6013975,0.49319687,0.016744694,0.9993344
0,0.022267113,0.48399818,0.8113642,0.27162048,0.99997985
0,0.00029739848,0.9249433,0.0014224808,0.12584476,0.99997413
0,0.014039198,0.9542876,0.16651273,0.9288552,0.9990619
0,0.000898499,0.584599,0.00017963756,0.82464767,0.81123745
0,0.00042365168,0.790908,0.0002671963,0.14249435,0.94411635
0,0.14987785,0.4663616,0.9710171,0.22282745,0.9276355
0,0.8738805,0.9430672,0.2088979,0.92512983,0.99993384
0,0.000998909,0.49004817,0.035819545,0.6300129,0.9244754
0,0.004235455,0.95352536,0.002537967,0.07089875,0.70258844
0,0.065475024,0.8108643,0.99771416,0.81542474,0.95939136
0,0.44105572,0.9813473,0.9940738,0.06488726,0.9724655
0,0.012172361,0.055685565,0.002083768,0.011969453,0.90568507
0,0.0006326968,0.6448085,0.358767,0.02667129,0.9473134
0,0.0018167624,0.38281405,0.0029001185,0.01672425,0.9997677
0,0.0001679332,0.06696437,4.7951227e-05,0.0079608355,0.52259505
0,0.11688957,0.22695108,0.006175986,0.035526697,0.9043593
0,0.08803363,0.454955,0.0007204809,0.06291096,0.8230476
0,0.0013363161,0.5837724,3.6686743e-05,0.0005253219,0.24232087
0,0.95337313,0.9165806,0.9919869,0.25338906,0.9988288
0,0.018895412,0.930887,0.22809786,0.23844256,0.983325
0,0.0010029696,0.05824387,0.000103625505,0.03861995,0.89641386
0,0.09926335,0.530281,0.8726152,0.8146445,0.93541074
0,0.43208346,0.79709494,8.6695436e-05,0.9353252,0.99661934
0,0.8263251,0.61469555,0.00015117077,0.57897294,0.9649891
0,0.07901457,0.9474895,0.99977916,0.116648935,0.9897397
0,0.9935514,0.98327523,0.95023704,0.7470841,1.0
0,0.99925596,1.0,0.97944266,0.9995352,1.0
0,0.98302335,0.99998796,0.99990547,0.9356806,1.0
0,0.98668194,0.5046739,0.9999893,0.8986492,0.9999999
0,0.97418106,0.058796976,0.98383313,0.9823303,0.99999964
0,0.9976266,0.99998593,0.9985328,0.977518,1.0
0,0.94961894,0.99990606,0.9992623,0.99910456,1.0
0,0.997399,0.99886787,0.3889505,0.99931264,0.9999999
0,0.77496624,0.9953361,0.945789,0.8956564,0.9996196
0,0.9996828,0.99781966,0.99317956,0.99418855,0.9999994
0,0.99935573,0.99353576,0.88589174,0.93908226,0.99999964
0,0.99541736,0.96304643,0.9670596,0.9996501,1.0
0,0.9972951,0.9998166,0.96355647,0.9999168,1.0
0,0.9941115,0.9774705,0.9792723,0.8988698,1.0
0,0.992164,0.2009466,0.015960125,0.8381886,0.9998518
0,0.9988281,0.9999614,0.03458216,0.9997986,1.0
0,0.99868613,0.99999857,0.99928313,0.9871946,1.0
0,0.9997774,0.9999995,0.9955563,0.999977,1.0
0,0.9999939,1.0,0.9893211,0.99999666,1.0
0,0.9999454,0.99998283,0.9999975,0.999998,1.0
0,0.9993892,0.99116725,0.999027,0.9874824,1.0
0,0.988863,0.985441,0.90469307,0.9999342,1.0
0,0.9985006,0.99830973,0.9654763,0.9500087,0.9999999
0,0.99993646,0.9999734,0.97861326,0.99991274,0.99999905
0,0.9993389,0.99785846,0.006904649,0.998565,0.99996984
0,0.8909533,0.34398928,0.002795336,0.98017246,1.0
0,0.9986712,0.9999938,0.9949544,0.99841547,1.0
0,0.99379504,0.99999905,0.9444326,0.9999958,1.0
0,0.9950688,0.9965023,0.90359837,0.9987087,1.0
0,0.8865898,0.9936558,0.3315886,0.9145705,1.0
0,0.092735626,0.62772065,0.0006835694,0.09426602,0.99999976
0,0.7900455,0.57284576,0.6814812,0.994321,1.0
0,0.9954241,0.9996344,0.9769569,0.9998652,1.0
0,0.9999474,0.99999833,0.9920465,0.99999785,1.0
0,0.51882887,0.3720963,0.043825302,0.99307054,1.0
1,0.9997248,0.9962464,0.9999969,0.9993131,1.0
1,0.9408388,0.31911463,0.8161093,0.33221537,0.98203456
1,0.9963201,0.9989492,0.9997192,0.79021883,0.9998393
1,0.9929871,0.6909224,0.999757,0.0338939,0.99782395
1,0.96593773,0.91501755,0.5067491,0.9985629,1.0
1,0.9996233,0.9941367,0.9999944,0.9985978,0.9999511
1,0.99995947,0.9956054,1.0,0.9833581,1.0
1,0.99998116,0.9986935,1.0,0.9975189,1.0
1,0.99624026,0.9221105,0.9999223,0.9976666,1.0
1,0.98249024,0.94472563,0.9995995,0.9889572,1.0
1,0.9999089,0.98352826,1.0,0.99697125,1.0
1,0.999869,0.99584806,0.99999964,0.9935714,1.0
1,0.99993503,0.9843949,1.0,0.9862839,1.0
1,0.99996865,0.96848273,0.9999939,0.9854218,0.99998677
1,0.9995592,0.7533067,0.9999862,0.9767527,1.0
1,0.8344333,0.07349172,0.8067149,0.1401493,0.9202241
1,0.08724606,0.9978725,0.9930877,0.9953128,0.99699366
1,0.9719977,0.6134069,0.9999993,0.9999492,0.98351544
1,0.8523171,0.9982316,1.0,0.9909977,0.999297
1,0.99917895,0.99614763,0.99999905,0.9386433,1.0
1,0.999954,0.9594982,0.99963856,0.97618514,1.0
1,0.9224867,0.9561914,0.9999697,0.99259585,1.0
1,0.94628423,0.9987639,1.0,0.9792452,0.9999999
1,0.67617357,0.9996126,0.99549615,0.9934923,1.0
1,0.99338186,0.982976,0.9988945,0.9426384,1.0
1,0.9397713,0.9977525,0.9982474,0.9969081,1.0
1,0.99846077,0.9999926,0.99619496,0.9921923,1.0
1,0.9854418,0.99936503,0.99657226,0.9755187,1.0
1,0.587098,0.99663025,0.99970907,0.0032281745,0.99696094
1,0.51412743,0.8334357,0.4852617,0.86624396,0.9840015
1,0.99965,0.9997799,0.6274068,0.99082774,0.99999905
1,0.96538424,0.9452548,0.99328035,0.99960977,1.0
1,0.0005670946,0.26513833,0.00016140153,0.84066623,0.9948736
1,0.9866464,0.73388565,0.9998896,0.99255717,0.9999982
1,0.011443793,0.9672522,0.9975967,0.9746806,0.84642464
1,0.0039180196,0.95397115,0.2956564,0.97278523,0.9995018
1,0.95468545,0.9990828,0.9999869,0.99470395,1.0
1,0.11075532,0.974313,0.019992232,0.992766,0.9988586
1,0.99725974,0.9999628,0.99999976,0.9705903,0.9999949
1,0.24711673,0.9933456,0.9988902,0.9877571,1.0
1,0.9682588,0.99981314,0.9999176,0.98479176,0.99988604
1,0.1590703,0.9372782,0.50022304,0.95744824,0.9989957
1,0.3169714,0.89873004,0.9945793,0.999869,0.9969612
1,0.70857626,0.12934683,0.875266,0.8769428,0.99695873
1,0.99632496,0.9729476,1.0,0.8371789,0.9999665
1,0.0008968564,0.36551026,0.0015463171,0.9951106,0.9997458
1,0.99719054,0.9994147,1.0,0.9372125,1.0
1,0.89775324,0.9996325,0.9996722,0.99666363,1.0
1,0.0074545303,0.9995821,0.9860547,0.9923084,1.0
1,0.55489844,0.9992988,0.9998728,0.99519414,0.9999999
1,0.00018123827,0.5360817,0.00042644885,0.9682239,0.8858449
1,0.18561335,0.99807394,0.9981833,0.99313194,1.0
1,0.3530037,0.9933074,0.88481134,0.96564096,1.0
1,0.9623963,0.9983942,0.99605227,0.99740195,1.0
1,0.9766816,0.94650394,0.9999999,0.9673899,1.0
1,0.3361637,0.92347246,0.036951788,0.99145645,0.9999982
1,0.0076298043,0.60459167,0.47720185,0.99279916,1.0
1,0.99025655,0.9158298,0.970753,0.9952976,0.7622566
1,0.17417142,0.8769639,0.98930043,0.9585229,0.9999175
1,0.9999956,0.9999733,1.0,0.9953419,1.0
1,0.9999558,0.99985814,1.0,0.9855958,1.0
1,0.4093515,0.4127118,0.8919871,0.9514697,0.9980697
1,0.997216,0.9309963,0.99999774,0.93045753,0.9999906
1,0.99170274,0.99623847,1.0,0.93638545,0.9999875
1,0.99524754,0.998095,0.99964345,0.99084586,0.9999993
1,0.99778664,0.9999497,0.9967025,0.9918847,1.0
1,0.83748245,0.98841876,0.9997652,0.9455559,0.9999974
1,0.99998987,0.9973022,1.0,0.9676811,1.0
1,0.99739766,0.9958125,1.0,0.9703277,0.99999547
1,0.9979336,0.9987619,0.99634844,0.86842126,1.0
1,0.1587981,0.9980806,0.941297,0.98493886,1.0
1,0.9986765,0.9796683,0.9973053,0.8842077,1.0
1,0.9512978,0.9892106,0.9980373,0.8380042,0.9999999
1,0.992975,0.98249567,0.996828,0.37805328,0.9999908
1,0.7654159,0.97319263,0.99962175,0.29459986,0.9999994
1,0.9998965,0.99989045,0.99989414,0.99176323,1.0
1,0.944132,0.96837306,0.99836963,0.96515256,0.99804246
1,0.9996954,0.9970714,1.0,0.9472257,0.9999999
1,0.99585944,0.9934429,0.99935406,0.95585966,0.9999968
1,0.9997111,0.9943673,1.0,0.9914929,1.0
1,0.9998399,0.9965694,1.0,0.9947941,0.9999738
1,0.9966216,0.99844724,1.0,0.99815434,1.0
1,0.9999683,0.99963415,1.0,0.99465746,1.0
1,0.5503742,0.9821186,0.980842,0.9948278,0.9999933
1,0.9999976,0.99999034,1.0,0.9840035,1.0
1,0.99055344,0.986511,0.9999794,0.986662,0.9999982
1,0.0006571962,0.48128104,0.93047017,0.8170193,0.98064053
1,0.9977715,0.9989262,0.9972248,0.9824525,0.99999976
1,0.42300847,0.9973737,0.9999112,0.9956204,0.9998042
1,0.96581876,0.980079,0.9999974,0.97852033,1.0
1,0.97811687,0.98674184,1.0,0.9773483,0.9978771
1,0.98927885,0.8219312,0.99999976,0.9739083,0.99999094
1,0.9382096,0.9730391,0.9999939,0.9671241,0.9999999
1,0.3173643,0.10168099,0.9246695,0.3414809,0.99998856
1,0.99138355,0.8830003,0.9999305,0.9528451,1.0
1,0.99209726,0.89369744,0.996407,0.841521,0.99999976
1,0.9998665,0.99996865,1.0,0.9930153,0.9999995
1,0.99994314,0.9999763,1.0,0.9996772,0.9999851
1,0.9998368,0.9993749,1.0,0.9893121,1.0
1,0.99999833,0.9990854,1.0,0.9980976,1.0
1,0.37982482,0.57291484,0.99989474,0.9744958,1.0
1,0.9425039,0.9444622,0.99999964,0.98408335,1.0
1,0.5373352,0.9253616,0.99998355,0.9820893,1.0
1,0.91646326,0.8051387,1.0,0.96013564,1.0
1,0.49282598,0.10042784,0.96982634,0.99246526,1.0
1,0.07422282,0.6478624,0.8319648,0.991552,1.0
1,0.72509706,0.5307888,0.6217395,0.97360116,1.0
1,0.99982697,0.9137226,0.9999999,0.9942081,1.0
1,0.96344095,0.8705521,0.9999974,0.98021495,0.99960846
1,0.99158245,0.07966191,0.9892791,0.9658799,0.99997354
1,0.024716936,0.14217484,0.9858672,0.99440056,0.9999982
1,0.34906912,0.2761056,0.97331977,0.8867961,0.9997451
1,0.1328025,0.08541109,0.99702877,0.97771114,0.9999987
1,0.16476266,0.70987105,0.9999969,0.994958,1.0
1,0.6183603,0.64361393,0.9610994,0.9694556,1.0
1,0.95630914,0.92318904,0.99504,0.30067307,1.0
1,0.74877214,0.8375658,0.99602795,0.9750974,1.0
1,0.1665776,0.5046142,0.98834383,0.9626902,1.0
1,0.95421714,0.25024727,0.9884233,0.9013116,1.0
1,0.091148436,0.7693251,0.98590106,0.86404645,1.0
1,0.74092215,0.9838494,1.0,0.9835106,1.0
1,0.98041695,0.89447284,0.99999964,0.99209857,1.0
1,0.7005044,0.66425085,0.9998778,0.96256834,1.0
1,0.78705984,0.7215622,0.9973072,0.9113431,1.0
1,0.9686189,0.7190503,0.4330987,0.78965634,1.0
1,0.9794852,0.7923854,0.7532449,0.974126,1.0
1,0.9117651,0.9796682,0.9999125,0.9654919,1.0
1,0.93239796,0.9845026,0.47853413,0.9997435,1.0
1,0.49928316,0.5925875,0.9999505,0.99630547,1.0
1,0.065960415,0.049130812,0.0011946128,0.99565566,1.0
1,0.02507167,0.210503,0.03190778,0.9362662,0.27378184
1,0.9983615,1.0,0.9999553,0.9539681,1.0
1,0.99789596,1.0,0.9998772,0.9996395,1.0
1,0.99922836,0.9960639,0.9998826,0.99999046,1.0
1,0.9996606,0.9999995,0.99999297,0.9979012,1.0
1,0.9996313,0.9999908,0.9977449,0.9980192,1.0
1,0.41062906,0.7184329,0.99977463,0.0064183013,0.9999995
1,0.9456575,1.0,0.9838424,0.028029038,1.0
1,0.98143184,0.9969215,0.93721455,0.97042996,0.9999964
1,0.5553526,0.99714965,0.9999492,0.895375,1.0
1,0.9972367,0.99999845,0.99995315,0.9660298,0.9999999
1,0.9886657,0.99999976,0.9999999,0.94696754,0.9989128
1,0.9987679,0.99999833,1.0,0.9999819,1.0
1,0.9999888,1.0,0.99898475,0.99845743,1.0
1,0.999997,0.99995506,0.99999416,0.9999279,1.0
1,0.809597,0.9999974,1.0,0.7477699,1.0
1,0.065703124,0.9998692,0.9984194,0.99526405,1.0
1,0.7723236,0.99992204,0.99058914,0.007196374,0.9999999
1,0.76517606,0.99999917,0.99569666,0.007469547,0.99859196
1,0.7614373,0.99999285,0.99946386,0.0024020814,0.9998884
1,0.006231938,0.9999988,0.04205291,0.16198009,1.0
1,0.15764134,0.99987245,0.99422294,0.3354578,1.0
1,0.40034047,1.0,0.9996941,0.0044967895,0.99957484
1,0.059834648,0.9996394,0.93741196,0.906197,0.9999999
1,0.64956677,0.999892,0.2488943,0.06477554,0.999998
1,0.06232106,0.91222644,0.38266355,0.36501175,0.99999857
1,0.35211504,0.9459632,0.8184255,0.21199134,0.997591
1,0.99024206,0.9999654,1.0,0.63217354,0.99999964
1,0.15433021,0.9981059,0.5703857,0.096500985,0.9998068
1,0.9999702,0.9999999,1.0,0.9508856,1.0
1,0.99575907,0.9999976,1.0,0.70482695,0.9999856
1,0.9998752,0.99994767,1.0,0.54854953,0.9999989
1,0.99877197,1.0,0.9999933,0.9539263,0.9999999
1,0.9990307,0.9999169,0.99635196,0.9990459,0.99995434
1,0.9990225,0.999998,1.0,0.9985077,1.0
1,0.9999398,0.9999995,1.0,0.7285442,1.0
1,0.981741,0.9998379,1.0,0.5905951,0.9999999
1,0.9965013,0.99998903,1.0,0.48177847,0.9999993
1,0.9967476,0.99999964,0.9990177,0.61349636,1.0
1,0.99236757,0.9999181,1.0,0.6532691,0.9999907
1,0.52167934,0.9991027,0.97149456,0.63791794,1.0
1,0.63402385,0.99999976,1.0,0.96209663,1.0
1,0.99997807,1.0,0.99924904,0.9983571,1.0
1,0.9949944,0.9394766,0.9949604,0.99860543,1.0
1,0.9979119,1.0,0.9869545,0.9959972,1.0
1,0.37373194,0.99999964,0.9918502,0.989075,1.0
1,0.9980252,0.99992836,0.025392057,0.56929517,1.0
1,0.99014974,0.82089007,0.8975247,0.99289715,1.0
1,0.9951509,0.99999106,0.9979424,0.9999925,1.0
1,0.9991321,0.99834454,0.67012,0.9748437,1.0
1,0.9996972,0.9999995,0.9275565,0.99675435,1.0
1,0.9998827,0.99997485,0.9696474,0.9992766,1.0
1,0.62034774,0.99999964,0.9050822,0.99277276,1.0
1,0.9999566,0.9947305,0.90857935,0.972454,1.0
1,0.9985964,0.9999962,0.8296682,0.8999754,1.0
1,0.99983907,0.9999908,0.98747385,0.99975365,1.0
1,0.06222256,1.0,0.99887484,0.999696,0.99999905
1,0.034506135,1.0,0.9889425,0.9999994,0.9999975
1,0.0069698878,0.99999774,0.98911625,0.99999785,0.9999999
1,0.0759174,1.0,0.9987484,0.9999931,1.0
1,0.19597839,0.9999999,0.9968827,0.9995276,0.99999833
1,0.99726534,0.99999976,0.9986786,0.99451065,1.0
1,0.9999989,1.0,0.99991024,0.9999988,1.0
1,1.0,1.0,0.9999958,1.0,1.0
1,0.99999976,1.0,1.0,0.9998678,1.0
1,0.9999989,1.0,0.99932706,0.99999976,0.99999964
1,0.9995654,0.9987136,0.99990475,0.99999845,1.0
1,0.99954754,1.0,0.9999908,0.99999785,1.0
1,0.99999964,0.99999654,0.9996774,0.9999895,0.9999987
1,0.9994099,0.810279,0.9918618,0.99976486,0.999271
1,0.999848,1.0,0.99874157,0.9999813,1.0
1,0.9999988,1.0,0.9988028,0.9999995,1.0
1,0.9999999,1.0,0.9999999,0.99999714,1.0
1,0.99487513,1.0,0.9990559,0.99998283,0.9999999
1,1.0,1.0,0.9999995,0.99996233,1.0
1,0.9999999,1.0,0.99985576,0.99998176,0.9999999
1,0.9999933,0.9999994,0.99994886,0.99988866,1.0
1,0.9999976,1.0,0.99966216,0.9966618,1.0
1,0.8571611,1.0,0.9994624,0.9991279,1.0
1,0.4338565,0.99999785,0.9897746,0.9999975,1.0
1,0.99998355,1.0,0.99999595,0.9999993,1.0
1,0.7822219,0.99999976,0.9998196,0.9999752,0.9999857
1,0.9579431,1.0,1.0,0.9999976,1.0
1,0.99998665,1.0,0.99975413,1.0,1.0
1,0.999946,1.0,0.99986696,0.99997556,1.0
1,0.99989927,1.0,0.9999232,1.0,1.0
1,0.9999999,1.0,0.99997663,1.0,1.0
1,1.0,1.0,0.9999809,1.0,1.0
1,1.0,1.0,0.9998876,0.9999999,1.0
1,0.9999888,1.0,0.99979,1.0,1.0
1,0.9999999,1.0,0.99999595,1.0,1.0
1,0.99999774,1.0,0.9996419,0.9999678,1.0
1,0.9999995,1.0,0.9984579,1.0,1.0
1,0.9999999,1.0,1.0,1.0,1.0
1,0.9999987,1.0,0.99941933,0.9999223,0.9999999
1,0.9999962,1.0,0.99972934,0.9999999,0.99999833
1,1.0,1.0,0.9999857,0.8967886,1.0
1,0.99999976,1.0,0.9999856,0.99999726,1.0
1,1.0,1.0,0.9999243,0.9999999,1.0
1,0.9999999,1.0,1.0,1.0,1.0
1,1.0,1.0,0.9999968,1.0,1.0
1,0.9999999,1.0,0.9999919,0.9999907,1.0
1,1.0,1.0,0.99999094,1.0,1.0
1,0.99999976,1.0,0.99999917,1.0,1.0
1,0.999997,1.0,0.9996693,0.9999994,0.99999964
1,1.0,1.0,0.99995375,0.9991917,1.0
1,1.0,1.0,0.9998134,0.9999999,0.99998987
1,0.99999905,1.0,0.99999964,0.9999329,0.99999857
1,0.9999876,0.99999857,0.9981376,0.9997478,0.99994016
1,0.9999862,1.0,0.99979824,0.99967873,0.9971662
1,0.99999774,1.0,0.9999883,0.99988425,1.0
1,1.0,1.0,0.9959197,0.9999906,0.9999008
1,0.99999547,0.9999999,0.999253,0.9999634,0.9999567
1,0.999998,1.0,0.9998487,0.99999905,1.0
1,0.9999906,1.0,0.99957246,0.9999994,0.9999969
1,0.99999535,1.0,0.99994254,0.9999999,0.9988426
1,0.99999964,1.0,0.99993503,0.9999989,0.9999994
1,0.9991604,0.99999964,0.9993736,0.999995,0.9999988
1,0.99999654,1.0,0.9998621,0.9999999,0.99999106
1,0.99979776,1.0,0.999938,0.9997508,0.9972734
1,0.99999833,1.0,0.9999708,0.99998224,0.993109
1,0.9999988,1.0,0.99992263,0.9999982,0.9966568
1,1.0,1.0,0.9998864,0.9999815,0.99994135
1,0.9999975,1.0,0.99996316,0.99997973,0.99999964
1,0.9999356,1.0,0.9988814,0.9999994,0.9992951
1,0.99999857,1.0,0.9999968,0.999997,0.9999999
1,0.9999597,1.0,0.99975604,0.99997747,0.99993217
1,0.99999964,1.0,0.99999976,0.99999595,0.99984145
1,0.9999999,1.0,0.9999776,1.0,0.99996424
1,0.998841,0.9999999,0.9993868,0.99999166,0.9998853
1,0.9997619,0.9999639,0.9770756,0.9999125,0.99999535
1,0.9999689,0.99999666,0.9995529,0.9999995,0.999243
1,0.9999807,0.99979264,0.9991918,0.9998134,0.9996207
1,0.99999,0.99999297,0.99908483,0.99998343,0.9999162
1,0.38134795,1.0,0.9998568,1.0,1.0
1,0.1513381,0.9999995,0.99881303,0.99999964,1.0
1,0.02693103,0.99893445,0.99464804,0.9999932,0.99998116
1,0.9957117,1.0,0.9990194,0.9999999,1.0
1,0.9999865,1.0,0.9999424,0.9999988,1.0
1,0.34739378,1.0,0.99998665,1.0,0.99999976
1,0.99084854,1.0,0.9994031,0.99999976,1.0
1,0.008770877,0.99837387,0.9906516,0.99998224,0.9999999
1,0.0050785667,0.9998203,0.9963343,0.99997497,0.99998665
1,0.080953665,0.9999995,0.999997,1.0,0.9999988
1,0.0030264652,0.99995816,0.99973816,0.99999654,0.9999975
1,0.022404348,0.9984053,0.998667,0.9999869,0.9999907
1,0.2649612,0.999395,0.9969625,0.99995065,0.99999774
1,0.119850494,0.99999535,0.9999889,0.9999999,0.9999995
1,0.095089085,0.9999993,0.9999976,0.9999995,1.0
1,0.018685792,0.9999995,0.99840575,0.99999917,0.9999989
1,0.86388123,0.999995,0.9998274,0.99999976,0.9999938
1,0.20907548,0.9999964,0.9942147,0.99992836,0.9999994
1,0.98835003,1.0,0.99941707,0.99997807,0.99999034
1,0.9934236,1.0,0.9997669,0.9999999,1.0
1,0.48952752,1.0,1.0,0.9999999,1.0
1,0.9388022,0.9998573,0.9974343,0.9999862,1.0
1,0.99906737,1.0,0.9999999,0.9999999,0.9999788
1,0.015749166,0.9983516,0.99955136,0.99999607,0.9999924
1,0.00045248,0.99339914,0.9955456,0.99999845,0.9999839
1,0.91713053,1.0,0.99999654,0.99999976,0.99999976
1,0.9929576,1.0,0.8324229,0.99999917,0.9999999
1,0.9998456,1.0,0.9989827,0.9999999,0.9999273
1,0.99982125,1.0,0.99998856,0.9999993,0.9999995
1,0.9785024,1.0,0.99738187,0.99956137,0.9999764
1,0.97001743,0.9999999,0.99997413,1.0,0.9877186
1,0.24466391,0.9999951,0.33568373,0.99999964,0.98342496
1,0.98029995,1.0,0.15057923,0.99998724,0.9999865
1,0.9996464,1.0,0.97054785,0.9999968,0.99999976
1,0.99987817,1.0,0.98284435,0.99999356,1.0
1,0.99945277,1.0,0.99998844,0.9972409,0.9999926
1,0.99997854,1.0,1.0,1.0,1.0
1,0.99990284,1.0,0.996985,0.9999529,1.0
1,0.9997768,1.0,0.999716,0.99999917,1.0
1,0.9905928,1.0,0.99803716,0.9999989,1.0
1,0.99990296,1.0,0.3915283,0.99355257,0.9999988
1,0.9999927,0.9999993,0.8933473,0.98800975,0.99999785
1,0.9998233,0.99999917,0.9948002,0.999997,1.0
1,0.9931103,1.0,0.9963832,0.99999166,0.9999999
1,0.99951255,1.0,0.9228715,0.9997733,1.0
1,0.9916943,1.0,0.99615556,0.99985003,1.0
1,0.9925339,1.0,0.99810284,0.9999962,0.9999999
1,0.9990839,0.9999989,0.99999976,0.99988186,0.99999726
1,0.999984,1.0,0.99109834,0.99999917,1.0
1,0.99999356,1.0,1.0,0.9999782,0.9999863
1,0.99923897,1.0,0.99999976,0.99999857,1.0
1,0.9999182,1.0,0.99999666,0.99995303,1.0
1,0.99919933,1.0,0.9999857,0.9998801,1.0
1,0.99763906,1.0,0.999688,0.9999827,1.0
1,0.99896395,1.0,0.99877244,0.9999943,1.0
1,0.9631579,1.0,0.9992675,0.99983966,1.0
1,0.99891996,0.9999989,0.63365704,0.9999815,0.99999774
1,0.99993634,1.0,0.9785957,0.99998665,0.9999975
1,0.9998167,1.0,0.9967409,0.99999905,0.99999464
1,0.9966516,0.99995315,0.9764639,0.99985003,1.0
1,0.99991965,0.9999958,0.99688196,0.9998977,1.0
1,0.9999087,0.99999726,0.9949892,0.99999547,0.99999845
1,0.9077572,0.9966331,0.9749008,0.97413784,0.9999994
1,0.34204203,0.96225643,0.9011408,0.9668218,0.96871054
1,0.8687281,0.9999999,0.98523116,0.9999715,1.0
1,0.99999547,1.0,0.99944717,0.9947726,1.0
1,0.9915364,0.9999856,0.9999999,0.9826952,0.9929872
1,0.99995494,1.0,0.9998894,0.99998164,0.999941
1,0.9993662,1.0,0.99998546,0.99997747,0.9999981
1,0.9954992,1.0,0.9993075,0.999941,0.9999441
1,0.9995265,1.0,0.9997093,0.9999385,0.9999882
1,0.9991659,1.0,0.998086,0.9999827,1.0
1,0.98889333,1.0,0.9999999,0.99999523,1.0
1,0.99149454,1.0,0.99850035,0.9999995,1.0
1,0.9980108,1.0,0.9999969,0.99998856,1.0
1,0.99856085,1.0,0.99994946,0.9999999,1.0
1,0.99961203,0.99649966,1.0,0.9928732,0.999998
1,0.9999987,0.99999917,1.0,0.98968875,0.9966979
1,0.99939954,0.999998,0.99957067,0.9971608,0.99984026
1,0.99998176,1.0,0.999871,0.99919325,0.99999964
1,0.9999988,1.0,1.0,0.99909854,0.9999577
1,0.9993697,0.9997366,1.0,0.9960012,0.9999949
1,0.8220386,0.9999994,0.97912437,0.99778455,0.9999982
1,0.9996947,0.99999726,0.99998605,0.99778795,0.9999987
1,0.99934703,0.9880745,0.9999981,0.97942746,0.9999994
1,0.9990324,0.999974,1.0,0.9959676,1.0
1,0.9994261,0.99971896,1.0,0.9998271,0.9999999
1,0.99705803,1.0,0.9999995,0.99677724,1.0
1,0.9991025,0.99505484,0.9989467,0.9947503,0.9999999
1,0.92918396,0.99999106,0.99999976,0.99987304,1.0
1,0.99912554,0.99991846,1.0,0.99739444,0.9981779
1,0.99837863,0.9984432,1.0,0.99970335,0.99999976
1,0.99797195,0.99999917,0.99972576,0.9983297,1.0
1,0.9989693,0.99999964,0.99833846,0.9918852,0.9998994
1,0.99997497,0.99999917,0.9999497,0.99562705,0.99997735
1,0.99998903,0.99998534,0.99999964,0.93411463,0.9665367
1,0.99956757,1.0,0.9999924,0.9998074,1.0
1,0.9999995,1.0,1.0,0.99810874,0.9999999
1,0.99999964,0.99995196,1.0,0.9778697,0.9999733
1,0.99998534,0.999995,0.9997874,0.9904807,0.99831474
1,0.99996567,0.9999825,1.0,0.9982932,0.99849606
1,0.80259746,0.94409937,0.78412604,0.9355647,0.9854473
1,0.99999833,0.99954885,0.9989636,0.98353636,0.97896224
1,0.99704593,0.9999957,0.9999982,0.99945945,0.9902982
1,0.9995777,0.99999976,0.99837506,0.9996296,0.999997
1,0.9999659,0.99994195,1.0,0.9992306,0.9963243
1,0.99977833,1.0,0.9835919,0.98441523,1.0
1,0.973214,0.9999827,0.015150152,0.9999999,0.9999999
1,0.9983714,1.0,0.9602252,0.9999988,0.9999995
1,0.9999323,1.0,0.99895954,0.9999999,1.0
1,0.9998729,1.0,0.9998332,0.9999827,1.0
1,0.9862109,0.99999917,0.9998987,0.99855155,0.99999917
1,0.9999999,1.0,1.0,0.99999547,1.0
1,0.9954797,0.9999932,0.99624974,0.99589145,0.9999707
1,0.9992398,0.9999696,0.9997621,1.0,1.0
1,0.999982,0.99999905,0.99813145,0.9947172,0.99995565
1,0.99994254,0.9999974,0.9982743,0.9998074,1.0
1,0.9998678,0.99909043,0.040793013,0.99998164,0.9999877
1,0.9991561,0.9999602,0.9999486,0.9995147,0.9882223
1,0.9999945,0.99859864,0.2623688,0.9995097,1.0
1,0.9987129,0.9999933,0.69235975,0.9999889,1.0
1,0.71947664,0.99996114,0.0017853708,0.79826754,0.7243939
1,0.99504256,1.0,0.3949003,0.9999496,0.9981982
1,0.9966503,1.0,0.9996284,0.99999166,1.0
1,0.9978828,0.99998486,0.99999964,0.49123797,0.99999976
1,0.9998876,0.9999999,1.0,0.9946337,0.9999999
1,0.9998503,1.0,1.0,0.9999999,1.0
1,0.77400273,1.0,0.87740487,0.9999925,1.0
1,0.80558705,0.99999976,0.99988294,1.0,1.0
1,0.8945648,0.99999964,0.2118328,1.0,1.0
1,0.64771783,1.0,0.99929476,1.0,1.0
1,0.29844037,1.0,0.9999579,1.0,1.0
1,0.7484926,0.999933,0.99983776,1.0,0.99808323
1,0.99489164,0.9989423,1.0,1.0,0.99999905
1,0.9917748,0.99885833,0.99935144,0.99308974,0.99825865
1,0.9991596,1.0,0.9999999,0.99976593,1.0
1,0.9897307,1.0,1.0,0.99996436,1.0
1,0.9894559,1.0,0.9986418,1.0,1.0
1,0.99997044,1.0,0.9895107,0.9999862,1.0
1,0.9997209,1.0,0.9999894,1.0,1.0
1,0.9797808,0.99999976,1.0,0.9999949,0.99999166
1,0.9855295,1.0,1.0,0.99999714,1.0
1,0.52302545,0.9999999,0.9999912,1.0,1.0
1,0.9989177,1.0,0.9999505,1.0,1.0
1,0.9995521,1.0,0.9992781,0.99999976,1.0
1,0.99999297,1.0,1.0,0.99999917,1.0
1,0.9999789,1.0,1.0,0.9999993,1.0
1,0.9999479,1.0,1.0,0.99999964,1.0
1,0.99836844,0.9999099,1.0,0.9971648,1.0
1,0.9999795,1.0,0.99984527,0.99922264,1.0
1,0.9999994,1.0,1.0,0.99999964,1.0
1,0.99999297,1.0,1.0,0.99999964,1.0
1,0.99765295,1.0,1.0,1.0,1.0
1,0.9993606,1.0,0.99994147,0.9999989,1.0
1,0.9999012,1.0,0.9999565,0.99997926,1.0
1,0.99999654,1.0,0.99999726,0.9999666,1.0
1,0.9995357,1.0,0.9994406,0.999915,1.0
1,0.979765,1.0,1.0,0.99980193,1.0
1,0.98619705,1.0,1.0,0.99998534,1.0
1,0.9998739,1.0,1.0,0.9999523,1.0
1,0.99977106,1.0,0.99999917,0.99998546,1.0
1,0.96621066,1.0,0.9956573,0.999982,1.0
1,0.996119,1.0,1.0,0.9934918,1.0
1,0.9932933,1.0,0.99974877,0.9996537,1.0
1,0.9991393,0.9999567,0.9999927,0.9999919,1.0
1,0.9962655,1.0,0.999138,0.99999547,1.0
1,0.95308423,1.0,0.99999285,0.9998116,1.0
1,0.999554,1.0,1.0,1.0,1.0
1,0.9986179,1.0,1.0,1.0,1.0
1,0.9999919,1.0,1.0,1.0,1.0
1,0.9997701,1.0,1.0,0.9999994,1.0
1,0.9987312,1.0,1.0,0.9995296,1.0
1,0.99911314,1.0,1.0,0.99998534,1.0
1,0.9980744,1.0,1.0,0.99999785,1.0
1,0.9998714,1.0,1.0,0.9999995,1.0
1,0.9939203,0.99999857,1.0,0.9942561,1.0
1,0.9998079,1.0,0.99999905,0.97088325,1.0
1,0.99958724,1.0,0.9977239,0.9479744,1.0
1,0.52695835,1.0,0.9918498,0.9916682,1.0
1,0.9997849,1.0,1.0,0.9999517,1.0
1,0.99815446,1.0,0.9990048,0.9999957,1.0
1,0.9892244,1.0,0.99999106,0.9999945,1.0
1,0.4588267,1.0,0.8659436,0.96771616,1.0
1,0.9980191,1.0,0.9825728,0.9914118,1.0
1,0.9999429,1.0,0.99962294,0.98772764,0.9999981
1,0.7560091,0.9998528,0.008459718,0.30541623,0.99996257
1,0.99935466,1.0,0.950744,0.9999722,1.0
1,0.99655735,1.0,0.78311217,0.99960977,1.0
1,0.9950596,1.0,0.9888599,0.99998736,1.0
1,0.98404574,1.0,0.94424516,0.9999999,1.0
1,0.9257865,1.0,0.9365115,0.9999877,0.99999976
1,0.9986877,1.0,0.653067,0.98575324,1.0
1,0.9897376,1.0,0.8788034,0.93237907,0.9999999
1,0.9922841,0.99999666,0.9999511,0.9529165,0.9999994
1,0.9997105,1.0,0.9617033,0.9999993,1.0
1,0.9872377,1.0,0.97249854,0.9998103,1.0
1,0.9949764,0.997776,0.742993,0.98447186,0.9999957
1,0.99949265,1.0,0.99999976,0.841421,1.0
1,0.706892,0.9994036,0.23099554,0.9943498,1.0
1,0.9999981,1.0,0.6212542,0.999006,1.0
1,0.99999964,1.0,0.99941397,0.9999119,1.0
1,0.99999833,1.0,0.9948473,1.0,1.0
1,0.9964455,1.0,0.99621695,1.0,1.0
1,0.99970835,0.9999989,0.9979183,0.99999595,1.0
1,0.99990535,1.0,0.9968785,0.99998665,1.0
1,0.99999523,0.99999785,0.9995141,0.99782336,1.0
1,0.9999747,0.9999974,0.46253714,0.9565916,1.0
1,0.99999905,1.0,0.6052045,0.9999989,1.0
1,0.99982697,1.0,0.9945832,0.99984217,1.0
1,0.99998295,0.9999926,0.99939644,0.99999094,1.0
1,0.9999988,0.9999999,0.9959615,0.9999976,1.0
1,0.9997168,1.0,0.99970764,0.9999722,1.0
1,0.99797827,1.0,0.99999917,1.0,1.0
1,0.99576724,1.0,0.9998129,0.99999905,1.0
1,0.9998436,1.0,0.9856741,0.99999666,0.99999905
1,0.99987066,1.0,0.9992931,0.9996239,1.0
1,0.9996351,0.99999964,0.9999956,0.999752,0.9999976
1,0.99940693,0.99477416,0.99982435,0.9810643,0.9999982
1,0.9993598,0.9938983,0.067584574,0.66696537,0.9924165
1,0.9984127,0.999777,0.9981206,0.994156,0.9994531
1,0.9985424,0.9999995,0.9999924,0.993415,0.99999976
1,0.9985494,1.0,0.9999745,0.9999813,0.9999701
1,0.9999851,1.0,0.99999976,0.9999995,1.0
1,0.99995387,1.0,1.0,0.9999993,1.0
1,0.9986761,1.0,1.0,0.99999905,1.0
1,0.9999964,1.0,0.9999981,1.0,1.0
1,0.9999933,1.0,1.0,0.9999999,1.0
1,0.9997161,1.0,1.0,0.99999464,1.0
1,0.99998546,1.0,1.0,0.9999989,1.0
1,0.99999964,0.99999917,1.0,0.9998659,1.0
1,0.9999553,0.9999999,0.99997187,0.9999846,1.0
1,0.99999976,0.9998609,0.29499915,0.7433159,0.9999964
1,0.9996377,0.9999871,1.0,0.99975175,1.0
1,0.99997604,1.0,1.0,0.9999728,1.0
1,0.99828976,1.0,1.0,0.9999466,1.0
1,0.9983759,1.0,1.0,0.9999801,1.0
1,0.99999106,1.0,1.0,0.99973077,1.0
1,0.99904126,1.0,1.0,0.99998224,1.0
1,0.99995816,1.0,1.0,0.9999516,1.0
1,1.0,1.0,1.0,0.9999962,1.0
1,0.9999795,1.0,1.0,0.99976844,1.0
1,0.9943704,1.0,0.99967015,0.9999988,1.0
1,0.95470345,1.0,0.99995744,0.9999845,1.0
1,0.9997261,1.0,0.99999976,0.9999913,1.0
1,0.999151,1.0,1.0,0.9999989,1.0
1,0.9998685,1.0,1.0,0.9999926,1.0
1,0.9994179,1.0,1.0,0.99999535,1.0
1,0.9724955,1.0,0.99995804,0.99539125,1.0
1,0.9996654,1.0,0.9999635,0.9990847,1.0
1,0.8346688,0.99999964,0.99996436,0.99983823,1.0
1,0.9993861,1.0,1.0,0.9985625,1.0
1,0.9999937,0.999992,1.0,0.99969304,1.0
1,0.34072083,0.9996081,1.0,0.98297703,1.0
1,0.9961708,1.0,1.0,0.99996686,1.0
1,0.9999956,1.0,1.0,0.9596911,0.9999857
1,0.8536075,0.99974805,1.0,0.990225,0.9999913
1,0.999041,0.99999976,1.0,0.94671386,0.99999976
1,0.9634283,0.9996189,1.0,0.9887304,0.9997445
1,0.9515391,0.99672997,1.0,0.86765265,0.9999988
1,0.9977088,0.99999964,1.0,0.98415434,0.99999833
1,0.45826507,0.9999999,0.9994862,0.93584526,0.9999796
1,0.9865355,1.0,0.99999917,0.99973255,0.9999988
1,0.90836614,0.99929464,0.9990313,0.9993581,0.9998235
1,0.9929807,0.99999404,0.99652785,0.9985493,0.9992908
1,0.89152306,1.0,0.46559104,0.99969316,1.0
1,0.99119824,0.9994649,0.9976966,0.99984634,1.0
1,0.9789019,1.0,0.99972004,0.9997665,1.0
1,0.9878924,1.0,0.9989945,0.99997616,0.9998851
1,0.87288225,0.9999968,1.0,0.99466056,0.9999999
1,0.76575667,0.99999714,0.9999927,0.99992824,0.99999964
1,0.4811516,1.0,0.9999999,0.99996674,0.9999982
1,0.9929484,0.99999964,1.0,0.9998884,0.99998665
1,0.99146664,0.9999875,1.0,0.14567083,0.9961593
1,0.9999696,1.0,0.9975648,1.0,1.0
1,0.9999993,1.0,0.99999,0.99999976,1.0
1,0.99998105,1.0,0.9784636,0.99999034,1.0
1,0.9999894,1.0,1.0,1.0,1.0
1,0.9986634,0.9999999,0.9999938,1.0,0.99999654
1,0.98762065,1.0,0.99895966,1.0,1.0
1,0.96339846,1.0,0.99732757,1.0,1.0
1,0.99891984,1.0,0.9653329,0.9999944,0.99999654
1,0.97849804,1.0,0.9998847,1.0,1.0
1,0.9986848,1.0,0.99995875,0.9999999,1.0
1,0.99393713,1.0,1.0,0.99998486,1.0
1,0.9998559,1.0,0.99999964,0.99999714,1.0
1,0.99991703,1.0,1.0,0.9999318,1.0
1,0.9999956,0.9999994,1.0,0.9999852,1.0
1,0.9999969,1.0,1.0,0.99962354,1.0
1,0.9999505,0.99999976,0.99999464,1.0,1.0
1,0.9999411,1.0,0.99999976,0.99999833,1.0
1,0.9995956,1.0,0.9999192,0.99998665,1.0
1,0.9999746,1.0,0.9999815,0.9999943,1.0
1,0.99999166,0.9999999,0.9999993,0.99999917,1.0
1,0.99999774,0.99999964,0.9999931,1.0,1.0
1,0.9999223,1.0,0.9999294,1.0,1.0
1,0.9987985,1.0,0.99995804,1.0,1.0
1,0.99996626,0.9999981,0.99997556,1.0,1.0
1,0.9878967,0.99999917,0.9962541,1.0,1.0
1,0.9969536,0.9908681,0.98453367,1.0,1.0
1,0.013195697,0.9816077,0.96654576,0.9999685,1.0
1,0.85208595,0.99135536,0.9856941,0.99990904,1.0
1,0.9540186,0.27870166,2.8625815e-05,0.99169767,0.9996661
1,0.90636367,0.87970966,0.6256886,0.999995,1.0
1,0.9968792,0.99999905,0.9999999,0.9999999,1.0
1,0.9999112,1.0,0.9999907,0.99999905,1.0
1,0.99998665,1.0,1.0,0.99999964,1.0
1,0.99921584,0.9999907,0.99987006,0.99999976,1.0
1,0.9996569,1.0,1.0,0.9999982,1.0
1,0.64946496,0.99997866,0.5469389,0.99999976,1.0
1,0.99886525,1.0,0.99967325,0.9999994,1.0
1,0.9816846,1.0,0.99973637,0.9999987,1.0
1,0.99996877,1.0,0.99960524,0.9999999,1.0
1,0.6363714,0.74924856,0.99971265,0.93404007,1.0
1,0.9999857,0.9999901,1.0,0.9999913,1.0
1,0.93733245,0.99996173,0.99526334,0.9999007,1.0
1,0.9965223,0.9448863,0.9998264,0.999931,1.0
1,0.06282765,0.9996495,0.0024711206,0.9999988,1.0
1,0.99999356,1.0,0.9997918,0.99999714,1.0
1,0.9999981,1.0,1.0,0.9999957,1.0
1,0.56438947,0.9999989,0.99852884,0.9999999,1.0
1,0.99844885,1.0,0.99857295,0.9998436,1.0
1,0.99912745,1.0,0.9996308,0.9999727,1.0
1,0.9917282,0.69773555,0.99462575,0.9904784,1.0
1,0.99981135,1.0,0.999861,1.0,1.0
1,0.9999995,0.9921374,1.0,0.99978966,0.9999988
1,0.9999999,1.0,1.0,1.0,1.0
1,0.9887433,0.9996289,0.9998455,1.0,1.0
1,0.038108665,0.79938173,0.9812377,0.99996686,0.99985194
1,0.99996793,0.9999975,1.0,0.8916808,1.0
1,0.6160229,0.98562384,0.0134482505,0.9700383,0.9999999
1,0.9867937,0.9998977,0.9990773,0.99995255,1.0
1,0.99997556,0.99963903,1.0,0.5129462,1.0
1,0.99971336,1.0,1.0,0.9985511,1.0
1,0.9984073,1.0,1.0,0.99999666,1.0
1,0.9999975,1.0,1.0,0.99999917,1.0
1,0.118470185,0.999632,0.9992281,0.7370746,1.0
1,0.7633505,1.0,0.98970944,0.99907637,0.99999905
1,0.9999999,1.0,0.9978011,0.9938241,1.0
1,0.99999464,1.0,1.0,0.99271166,1.0
1,0.999742,1.0,1.0,0.99999726,1.0
1,0.88686585,0.999998,0.98881525,0.9999999,1.0
1,0.99998677,1.0,1.0,0.73950416,1.0
1,0.9996958,1.0,1.0,0.6229404,1.0
1,0.99991643,1.0,1.0,0.99918324,1.0
1,0.99994624,1.0,0.99999964,0.99795306,1.0
1,0.9236081,1.0,1.0,0.99337935,0.99999166
1,0.82944757,1.0,0.9999999,0.98686904,1.0
1,0.99998784,1.0,0.99994934,0.9999604,1.0
1,0.9999882,1.0,1.0,0.99998987,1.0
1,0.999972,1.0,1.0,0.9999207,1.0
1,0.9999416,1.0,0.99999034,1.0,1.0
1,0.9867465,1.0,0.99998367,1.0,1.0
1,0.9999864,1.0,1.0,0.9999826,1.0
1,0.99997807,1.0,1.0,0.99999917,1.0
1,0.9980628,1.0,0.9999999,0.9997217,1.0
1,0.9999144,1.0,1.0,0.9999757,1.0
1,0.9996037,1.0,1.0,0.9997522,1.0
1,0.99806625,1.0,1.0,0.99968183,1.0
1,0.99993396,1.0,1.0,0.99994063,1.0
1,0.99813265,0.99999976,1.0,0.99998605,0.99999964
1,0.9884807,1.0,1.0,0.9999945,1.0
1,0.99998724,1.0,1.0,0.9980069,1.0
1,0.9995963,1.0,0.99999857,0.99999845,1.0
1,0.9589465,1.0,0.99996984,1.0,1.0
1,0.9999527,1.0,1.0,0.99999964,1.0
1,0.9977633,0.9999999,1.0,0.95889115,0.99999845
1,0.99793756,1.0,0.9999989,0.99989235,1.0
1,0.92897683,1.0,1.0,0.9999987,1.0
1,0.9982558,1.0,1.0,0.9997222,1.0
1,0.9988551,1.0,1.0,0.99999976,0.9999999
1,0.999997,0.99999523,1.0,0.99996924,0.9999926
1,0.99998057,1.0,1.0,0.99999905,1.0
1,0.98846555,1.0,1.0,0.9859283,0.999997
1,0.9996518,1.0,1.0,0.999879,1.0
1,0.9993018,1.0,1.0,0.9999995,1.0
1,0.9946405,1.0,1.0,0.99999464,1.0
1,0.9999914,1.0,1.0,0.99999714,1.0
1,0.999915,1.0,1.0,0.9999964,1.0
1,0.9996131,1.0,1.0,0.9999902,1.0
1,0.9313082,1.0,0.99999785,0.21756093,1.0
1,0.9978369,1.0,0.9713003,0.9985459,1.0
1,0.99606884,1.0,1.0,0.8839463,1.0
1,0.9923189,1.0,0.9999999,0.9988655,1.0
1,0.9994529,1.0,1.0,0.5315265,1.0
1,0.99941707,0.99999976,1.0,0.93531686,0.99999964
1,0.9967603,1.0,0.99852186,0.9999591,1.0
1,0.97320896,1.0,0.9983297,0.041170612,1.0
1,0.08703978,0.9999993,0.96104443,0.9970241,1.0
1,0.99998367,1.0,1.0,0.999814,1.0
1,0.95677793,0.9972156,0.971519,0.97311294,0.9999436
1,0.992113,1.0,0.99956673,0.9996136,1.0
1,0.99970835,1.0,0.99634665,0.44943777,1.0
1,0.54222953,0.81661904,0.9997129,0.6534085,0.99125797
1,0.992618,0.99999917,0.97564346,0.9999131,1.0
1,0.9996351,1.0,1.0,0.9965612,1.0
1,0.94806325,1.0,0.94388837,0.501017,1.0
1,0.9966744,1.0,1.0,0.84359616,1.0
1,0.99916625,1.0,1.0,0.9983569,1.0
1,0.999928,1.0,0.9999815,0.98898697,1.0
1,0.99787164,0.99998,0.9999994,0.98316634,0.9996018
1,0.9987356,1.0,0.999928,1.0,1.0
1,0.591357,1.0,0.994511,0.99999905,1.0
1,0.99290633,1.0,1.0,0.9999708,1.0
1,0.9903887,1.0,0.99996305,0.99503654,1.0
1,0.9994647,1.0,0.7944755,0.9997663,1.0
1,0.9999362,1.0,0.9999753,0.39846864,1.0
1,0.99999857,1.0,0.9999709,0.9999957,1.0
1,0.99998915,1.0,0.9986431,1.0,1.0
1,0.9999827,1.0,0.99388194,1.0,1.0
1,0.71504086,0.99999666,0.9851394,0.9998764,1.0
1,0.9937663,0.9999999,0.9981862,0.9997216,1.0
1,0.99999833,1.0,0.99999475,1.0,1.0
1,0.99999964,1.0,1.0,0.99995995,1.0
1,0.99997437,1.0,0.99972016,0.9993531,1.0
1,0.99988246,1.0,0.999997,0.83900285,1.0
1,0.99999917,1.0,0.99665964,0.936885,1.0
1,0.9999982,0.9999846,1.0,0.84409094,1.0
1,0.99999726,1.0,1.0,0.74677086,1.0
1,0.9999995,1.0,1.0,0.9904489,1.0
1,0.9999347,1.0,0.9999995,0.999871,1.0
1,0.999995,1.0,1.0,0.99901295,1.0
1,0.9998802,1.0,0.99999976,0.9996942,1.0
1,0.99999034,1.0,0.9999447,0.9979145,1.0
1,0.9999995,1.0,1.0,0.9999436,1.0
1,0.9999957,1.0,1.0,0.8100565,1.0
1,0.9999943,1.0,1.0,0.9994911,1.0
1,1.0,0.99997735,1.0,0.9999516,1.0
1,0.99945325,0.9999951,0.99999714,0.9995171,0.99995685
1,0.9912651,0.99999976,0.99995077,0.997428,0.99999976
1,0.9999068,1.0,0.9999981,0.99978966,1.0
1,0.9953129,0.31456825,0.028650327,0.027427923,0.99586475
1,0.9998802,0.9998896,0.0036014686,0.33709443,0.9999902
1,0.999663,0.96502954,0.0034807618,0.90579623,0.9999937
1,0.99967957,0.9999999,1.0,0.864507,1.0
1,0.99999344,0.99964976,1.0,0.99963796,1.0
1,0.29982233,0.71434915,0.00013667553,0.48361644,0.9963574
1,0.8988378,0.9732632,0.0039466023,0.6751911,0.9791895
1,0.99775875,0.9999995,0.92187196,0.9948644,0.9999449
1,0.9999989,0.9999987,0.99996877,0.9997453,1.0
1,0.9936214,0.99989176,0.054784182,0.003375714,0.9945874
1,0.9974463,0.9999218,0.99996567,0.1946074,0.9997261
1,0.9957302,0.99999905,0.9781527,0.8162885,0.9983631
1,0.9999987,1.0,1.0,0.99470806,1.0
1,0.9999945,1.0,1.0,0.9909224,1.0
1,0.9995772,0.94697034,0.739958,0.9348277,0.999998
1,0.9888707,0.42379752,0.98963445,0.10685945,0.8784103
1,0.99960214,0.99994826,0.9968887,0.99721104,0.99987185
1,0.99610376,0.99999976,1.0,0.9996995,1.0
1,0.9524785,0.9880931,0.99206185,0.9451347,1.0
1,0.9998666,1.0,0.99307257,0.99790984,1.0
1,0.99947757,0.99999833,0.99492633,0.89292264,0.9999944
1,0.9988269,0.99999714,0.99951303,0.667466,0.9991198
1,0.99885094,0.8227871,0.99478984,0.8561948,0.9998945
1,0.99981004,0.99988985,0.9982856,0.8856923,0.99972314
1,0.8971152,0.999995,0.99960345,0.98745096,0.9999994
1,0.9906193,0.9992459,0.99999225,0.9892916,0.99995625
1,0.99999106,0.99998355,0.9999994,0.10060919,0.99999976
1,0.86969084,0.9999647,0.02448375,0.002018815,1.0
1,0.9951579,0.9999788,0.99999726,0.9862526,0.99999535
1,0.7721329,0.9889305,0.0003645018,0.046983257,0.99999964
1,0.9998909,0.97921216,0.9998865,0.87307197,0.9623168
1,0.9998642,0.9991566,0.9635993,0.98958,0.9986119
1,0.99972385,0.9999727,0.9050516,0.98751163,0.9999994
1,0.9999238,0.99999964,0.99941635,0.34241268,0.999995
1,0.99904245,0.9742682,0.9966556,0.12930404,0.99376655
1,0.9998091,0.999995,0.99999976,0.66037554,1.0
1,0.9999511,0.9998504,0.9995889,0.9360112,0.99738544
1,0.9999893,0.9995592,0.9999999,0.951521,0.99999857
1,0.99993813,0.9999999,0.99995065,0.37026417,0.99999964
1,0.9991904,0.99998915,0.8898775,0.01877729,0.99524236
1,0.9818464,0.99996746,0.9426358,0.89096844,0.9999536
1,0.99997175,0.9999424,0.9873634,0.9679833,1.0
1,0.9999862,0.98353636,0.99999917,0.98654234,0.9818056
1,0.9997476,0.99991775,0.23176274,0.34624246,0.9996387
1,0.9719267,0.9998896,0.99507695,0.9905139,0.9999999
1,0.98954356,0.6805245,0.99068415,0.9979175,0.9979924
1,0.99219185,0.993881,0.98673624,0.9868232,1.0
1,0.9493851,0.9394465,0.08603102,0.954335,0.9997764
1,0.18312056,0.9999906,0.9307311,0.9978259,0.99921083
1,0.9998666,0.99978226,0.9999492,0.9987785,0.9999887
1,0.99470115,0.9992279,0.7567023,0.9944688,1.0
1,0.99848926,0.9999995,0.99764985,0.983976,0.99999917
1,0.98233736,0.9999722,0.8228156,0.9982161,1.0
1,0.6885141,1.0,0.99789536,0.00825578,0.99999976
1,0.9993525,0.8644681,0.9996068,0.0040683174,0.9998845
1,0.6767975,0.9997397,0.99620384,0.99616385,0.9998435
1,0.9976948,0.99992776,0.99997866,0.98299456,0.99991477
1,0.99203295,0.94992584,0.89538974,0.29839593,0.99060386
1,0.99763453,0.6969048,0.9812137,0.5328413,0.7993656
1,0.9897635,0.99918073,0.987755,0.6809853,0.99999964
1,0.9547932,0.999686,0.99999607,0.88271105,0.99996233
1,0.9960886,0.9998579,0.9999999,0.97321755,0.999907
1,0.9990767,0.99982905,0.9992674,0.93913215,0.99994934
1,0.99792105,0.99933594,0.99368906,0.9997458,0.9998185
1,0.9992041,0.99049616,0.9999058,0.86033636,0.9676188
1,0.96546036,0.99995303,0.04391533,0.18513814,0.9991493
1,0.9957319,0.9999598,0.9997875,0.89508533,0.9999994
1,0.9992094,0.99905485,0.9913054,0.99569714,0.99999964
1,0.9962948,0.99868995,0.5419603,0.9929635,0.9999815
1,0.9554987,0.9998872,0.9976432,0.98977286,0.99988234
1,0.91503906,0.96691877,0.7693634,0.64286995,0.9991937
1,0.78589875,0.99840987,0.00035430913,0.05417151,0.9993686
1,0.97169083,1.0,0.9976464,0.9978599,1.0
1,0.8500208,0.9983663,0.99968565,0.99476826,1.0
1,0.99975425,0.9716133,0.12084123,0.99049824,1.0
1,0.48936146,0.89119196,0.00065370806,0.90305454,0.99979836
1,0.9998752,0.9641449,0.89279556,0.93366456,0.9999924
1,0.55431527,0.008010838,4.2649793e-07,0.5921152,0.9991229
1,0.7050335,0.056957796,0.26730523,0.27845907,0.99999845
1,0.99953747,0.33545026,0.96368176,0.99972564,1.0
1,0.9988494,0.5726224,0.33429447,0.99231064,1.0
1,0.8641449,0.9982728,5.818693e-07,0.992812,0.9997347
1,0.9987612,0.99999857,0.9956534,0.7713715,1.0
1,0.9999851,0.9998543,0.91430235,0.95121604,1.0
1,0.94053394,0.02190571,0.9981014,0.10919454,0.99974626
1,0.9968465,0.99999666,2.4830795e-05,0.88506013,0.9999994
1,0.9232303,1.0,0.0017198559,0.99390393,0.9999999
1,0.998164,0.81424075,0.9997023,0.67846864,1.0
1,0.9878307,0.5027411,0.8855988,0.24262565,0.9999714
1,0.7553142,0.99940515,0.9558141,0.98991674,1.0
1,0.99996114,0.99985754,0.9923563,0.84527946,0.99999976
1,0.9999901,0.97926015,1.0,0.2041268,1.0
1,0.99623835,0.42962852,0.97564805,0.52815473,0.99873716
1,0.99935156,0.710707,0.9697077,0.8779494,0.9999856
1,0.35206857,0.7701971,0.016968075,0.5134034,0.99999523
1,0.9973827,0.99989665,0.9999951,0.97360736,1.0
1,0.7020089,0.96181005,0.97810555,0.9393493,0.9999999
1,0.99975973,0.9988782,0.9543129,0.9339427,0.99999356
1,0.99783915,0.99825305,0.9971411,0.9807674,0.9999716
1,0.9988588,0.9528024,0.98456466,0.9939267,1.0
1,0.98354006,0.9636227,0.99998665,0.9739484,0.9999999
1,0.99571,0.9999999,0.99563247,0.99410784,1.0
1,0.9954762,0.9986879,0.95707554,0.9956697,1.0
1,0.941696,0.965758,0.96670794,0.9998965,0.9999691
1,0.9754415,0.8594712,0.020303717,0.99987566,0.9999988
1,0.9157317,0.91035974,0.00062459166,0.89117616,1.0
1,0.9645228,0.945774,0.9999999,0.9891543,0.9803273
1,0.46454048,0.35267535,0.35516512,0.99063486,0.8969449
1,0.9904869,0.989495,1.0,0.9856668,0.99998474
1,0.07604968,0.8008311,0.00011672953,0.99700624,0.98930174
1,0.9999484,0.9999974,0.00025819935,0.99992836,1.0
1,0.9121462,0.9993987,0.73269504,0.3975247,1.0
1,0.83571774,0.99872005,0.94007003,0.2586994,0.9998902
1,0.99063545,1.0,0.96187854,0.9825941,0.8308119
1,0.99942124,1.0,0.988364,0.87978125,1.0
1,0.9973719,1.0,0.9907877,0.9945438,1.0
1,0.9639572,0.999998,0.98822623,0.99682283,0.9999999
1,0.99857295,1.0,0.9945273,0.9999218,0.9999995
1,0.9995115,1.0,0.99188954,0.99999464,1.0
1,0.9998512,1.0,0.9934396,0.9998976,0.99999964
1,0.9997874,1.0,0.99638844,0.99999845,1.0
1,0.99956566,1.0,0.99916613,0.9999776,1.0
1,0.99951327,1.0,0.9985525,0.9951355,1.0
1,0.030552195,1.0,0.8447084,0.99583435,0.9969784
1,0.87874013,0.999997,0.9877265,0.99999714,0.996603
1,0.7728808,1.0,0.9996191,0.99994826,0.9999963
1,0.9997304,1.0,0.9998559,0.99980384,0.99999976
1,0.8417964,1.0,0.96260947,0.7350904,0.9999684
1,0.7579168,0.99980825,0.9999994,0.99883884,1.0
1,0.9995889,1.0,0.9997024,0.9736719,1.0
1,0.923123,1.0,0.97795415,0.9913523,0.99999964
1,0.8965581,1.0,0.9964126,0.9999882,1.0
1,0.99498194,0.99999857,0.9936521,0.98970336,1.0
1,0.99876654,1.0,0.962888,0.9999789,1.0
1,0.5932469,1.0,0.9966732,0.99995875,0.99999833
1,0.8527008,0.99999964,0.9936289,0.99993885,0.99999976
1,0.9906917,0.9990243,0.9945257,0.9999995,1.0
1,0.9999435,1.0,0.9999918,0.999938,1.0
1,0.99143726,0.9999875,0.95774883,0.62513465,0.99912304
1,0.9810503,0.9999999,0.6017674,0.06782165,1.0
1,0.9946597,1.0,0.9999958,0.9207604,1.0
1,0.9995307,1.0,0.999941,0.9996624,1.0
1,0.99344563,1.0,0.9756302,0.96823645,1.0
1,0.96636736,1.0,0.9993262,0.99222577,1.0
1,0.7898701,1.0,0.9987225,0.95380825,1.0
1,0.98932624,1.0,0.98483986,0.9998104,1.0
1,0.99935395,1.0,0.9931491,0.99997365,1.0
1,0.99969745,1.0,0.9990282,0.99998057,1.0
1,0.99991524,1.0,0.99388784,0.9942432,1.0
1,0.061160393,1.0,0.5253348,0.2881161,1.0
1,0.9998988,1.0,0.018598063,0.09035622,1.0
1,0.96331394,0.9999999,0.9988128,0.7212865,1.0
1,0.0714816,1.0,0.28255278,0.019059887,0.9999926
1,0.99659926,1.0,0.5548631,0.7461177,1.0
1,0.9944993,1.0,0.9900035,0.91625756,1.0
1,0.97806466,1.0,0.99967825,0.7902873,1.0
1,0.9984395,1.0,0.998176,0.76237065,1.0
1,0.04981216,1.0,0.71001136,0.53519267,0.9990355
1,0.8742831,1.0,0.80227226,0.22668725,0.9998934
1,0.17340206,1.0,0.07436038,0.964892,1.0
1,0.005659433,1.0,0.44710428,0.4190757,0.9998067
1,0.02441751,1.0,0.038147215,0.080367416,0.9999957
1,0.9765855,1.0,0.9925889,0.23615639,1.0
1,0.7309541,1.0,0.6302243,0.931474,1.0
1,0.9868275,1.0,0.8733371,0.9995437,1.0
1,0.943648,1.0,0.99097955,0.62669414,1.0
1,0.9472515,1.0,0.99918336,0.18845692,1.0
1,0.5547462,1.0,1.0,0.9606159,1.0
1,0.9747226,0.9999999,0.9999348,0.44436902,0.9999994
1,0.9997261,0.9999999,0.808242,0.3903286,1.0
1,0.9996117,1.0,0.9857061,0.021084806,1.0
1,0.998909,1.0,0.83087164,0.06250302,0.9999993
1,0.32260418,1.0,0.8761676,0.9573621,1.0
1,0.84075,1.0,0.9939713,0.94764656,1.0
1,0.025396502,0.9999975,0.7006126,0.0061794952,1.0
1,0.56164694,1.0,0.9002517,0.015249888,1.0
1,0.98966277,1.0,0.79777765,0.32756463,1.0
1,0.2627455,0.9999292,0.0043065427,0.1725457,0.9999392
1,0.84038574,0.99999964,0.97690034,0.030405596,0.99999976
1,0.9972535,1.0,0.9999404,0.8920004,1.0
1,0.9890343,1.0,0.99982977,0.91378504,1.0
1,0.99997556,1.0,0.99999833,0.99789715,1.0
1,0.99114954,0.9999999,0.9976393,0.66864306,1.0
1,0.9908444,1.0,0.98914635,0.058415342,1.0
1,0.9943883,1.0,0.5728853,0.20132214,1.0
1,0.9484567,1.0,0.85906655,0.624124,1.0
1,0.065395854,1.0,0.42788094,0.79618466,0.9999988
1,0.32038975,1.0,0.3551731,0.34767538,0.9997154
1,0.9296429,1.0,0.7764349,0.19181846,1.0
1,0.96116775,1.0,1.0,0.100269504,1.0
1,0.99938524,1.0,0.9975835,0.11741036,1.0
1,0.9958966,1.0,0.6602815,0.71307606,0.9998691
1,0.26639292,0.9999989,6.3164414e-05,0.77573204,0.99999917
1,0.98724556,1.0,0.98161227,0.9695403,1.0
1,0.7475644,0.9999999,0.9999597,0.99454874,0.99999964
1,0.17235659,1.0,0.20977457,0.0682139,1.0
1,0.9796362,0.9999999,1.0,0.9893091,1.0
1,0.99737823,1.0,0.9998056,0.99964225,1.0
1,0.99615085,1.0,0.99775785,0.9995635,1.0
1,0.9554193,0.9999999,0.9988412,0.9970759,0.99999976
1,0.01851641,0.9961461,0.000734302,0.34528092,0.9999877
1,0.8761457,0.9999993,0.9999999,0.7304328,1.0
1,0.031902656,0.9999347,0.41761595,0.97874695,0.99999857
1,0.64915013,0.9999987,1.0,0.99997497,1.0
1,0.999964,1.0,1.0,0.99999714,1.0
1,0.997127,0.9999999,0.9999875,0.9999554,1.0
1,0.99995637,1.0,1.0,0.99941254,1.0
1,0.9998859,1.0,1.0,0.9468861,1.0
1,0.99879944,1.0,0.9999851,0.9970252,1.0
1,0.99780494,1.0,0.99999964,0.9996606,1.0
1,0.9926755,1.0,0.99439853,0.5488104,1.0
1,0.99962187,0.9995689,0.852161,0.024104964,0.9994234
1,0.8434642,0.9999012,0.9664874,0.010031349,0.9999808
1,0.6220073,0.9999964,0.9998307,0.21849708,0.9999839
1,0.99638027,0.9999776,0.9921894,0.06775288,1.0
1,0.9569303,0.9999808,0.95786476,0.013646273,1.0
1,0.99982387,1.0,0.9912923,0.026817672,1.0
1,0.071342915,1.0,0.008964715,0.015214676,0.9999999
1,0.92888594,1.0,0.99824095,0.021528533,1.0
1,0.00989919,0.99982613,0.06579716,0.12347009,1.0
1,0.9999542,0.99994254,0.99997985,0.054644536,1.0
1,0.9980818,1.0,0.7823253,0.014777762,1.0
1,0.9941268,0.9999846,0.99984574,0.007609336,0.9999999
1,0.90568787,0.99999547,0.7398104,0.090265624,0.99999225
1,0.99572206,0.9999887,0.90707284,0.12162725,1.0
1,0.9960169,0.9919733,0.9996294,0.0016469721,0.9998759
1,0.99866986,0.9999876,0.9998598,0.06782332,0.9999999
1,0.99389935,0.99996114,0.9999708,0.018571198,0.9999906
1,0.9988121,0.98317,0.9999937,0.66132295,0.9993697
1,0.99927574,0.9954573,1.0,0.7444488,0.9999944
1,0.9994067,0.9116612,0.9999989,0.98680425,0.99692565
1,0.48531142,0.43116283,0.9999999,0.9437026,0.93027914
1,0.7623413,0.99940765,0.99913687,0.98417217,0.9999931
1,0.9985783,0.99997973,1.0,0.8979935,0.9999999
1,0.6459685,0.9999213,0.95702344,0.04476063,0.9999999
1,0.99850804,1.0,0.96989095,0.8747409,0.99997926
1,0.15346833,1.0,0.9954461,0.7914622,1.0
1,0.9999443,0.9999999,0.99931145,0.27408093,1.0
1,0.99993443,0.99998,0.98531634,0.5491705,1.0
1,0.9036712,0.9999999,0.9157462,0.473934,0.9999999
1,0.9989931,0.99654573,0.07965872,0.001931608,0.9999999
1,0.9881352,0.9999988,0.9810708,0.024973948,0.9999993
1,0.9995902,1.0,0.9999136,1.0,1.0
1,0.98258495,0.9924636,0.45440242,0.9999535,1.0
1,0.5734252,0.99999905,0.9984408,0.9983783,1.0
1,0.99692553,1.0,0.9999864,0.99999595,1.0
1,0.6482248,1.0,0.9956963,0.9999397,0.9999695
1,0.9988636,0.9999788,0.62036693,0.17016542,0.9999975
1,0.9895075,1.0,0.9993098,0.51330304,0.99999154
1,0.9996779,1.0,0.99816763,0.15661635,1.0
1,0.56468767,0.9999877,0.9997068,0.39359495,1.0
1,0.9872765,1.0,0.9988902,0.9996215,1.0
1,0.99669766,0.999663,0.71159524,0.9999975,1.0
1,0.69972265,0.9997651,5.2643395e-06,0.9977452,0.9999043
1,0.983529,0.99999857,0.6287765,0.82388175,1.0
1,0.99482924,1.0,0.9989724,0.988419,0.99995923
1,0.99998987,1.0,0.9948968,0.99066085,1.0
1,0.9986308,0.99999976,0.89491355,0.9709014,1.0
1,0.99978393,0.99999833,0.3584561,0.12657374,1.0
1,0.9990963,1.0,1.0,0.9381843,1.0
1,0.9735102,1.0,0.9999945,0.9999254,1.0
1,0.9950466,1.0,1.0,0.99986744,1.0
1,0.99990857,1.0,0.99967515,0.9998759,1.0
1,0.97398335,0.7560259,0.96771395,0.9366392,0.99999833
1,0.87695235,1.0,0.99816704,0.9999199,1.0
1,0.99917465,1.0,0.8688612,0.9870639,1.0
1,0.9985727,1.0,1.0,0.45575598,1.0
1,0.9900047,1.0,0.98734945,0.9999999,1.0
1,0.9999995,0.99999917,1.0,0.9999496,1.0
1,0.99847466,0.9998965,1.0,0.9898942,0.9999949
1,0.9996697,0.9993043,0.99994195,0.9992244,1.0
1,0.99910694,0.99998176,0.9999994,0.99999297,1.0
1,0.99933976,0.9999769,0.9999999,0.9995117,1.0
1,0.9990988,0.9998982,1.0,0.9925527,0.99999464
1,0.99904305,0.9999814,1.0,0.99968886,0.99998236
1,0.998966,0.9999373,1.0,0.9998105,0.9999964
1,0.99956435,0.9990277,0.99999845,0.99299735,1.0
1,0.99959904,0.9760517,1.0,0.98534226,1.0
1,0.99995863,0.9886206,1.0,0.99238575,1.0
1,0.9998067,0.9995752,1.0,0.9999852,1.0
1,0.99999535,1.0,1.0,0.9963761,1.0
1,0.9999995,1.0,1.0,0.9999808,1.0
1,0.9998858,0.99999225,1.0,0.9985417,1.0
1,0.999974,0.99999964,1.0,0.999967,1.0
1,0.99992216,0.9999888,1.0,0.9989268,1.0
1,0.9999882,0.9999857,1.0,0.9999869,1.0
1,0.999972,0.9999534,1.0,0.9996586,1.0
1,0.99999285,0.99999976,1.0,0.99989593,1.0
1,0.999746,0.89185405,0.9992895,0.46406475,1.0
1,0.9999244,0.9999324,0.99999785,0.7871598,1.0
1,0.99999547,0.9999937,1.0,0.8458103,1.0
1,0.9999888,0.999907,1.0,0.99976224,1.0
1,0.9996773,0.999998,1.0,0.9994086,1.0
1,0.9999907,0.9999831,1.0,0.9999043,1.0
1,0.99865913,0.9999826,1.0,0.99780136,1.0
1,0.9999968,0.9999999,1.0,0.9998863,1.0
1,0.9999968,0.99999964,1.0,0.98850083,1.0
1,0.9999894,0.99931693,0.999676,0.97602546,1.0
1,0.999912,0.99999213,1.0,0.9832274,1.0
1,0.9990889,0.99999857,1.0,0.9980579,0.9999993
1,0.99970883,0.9999918,1.0,0.9997608,1.0
1,0.9999814,0.9999893,1.0,0.99959224,1.0
1,0.9979122,0.9999925,1.0,0.9957749,1.0
1,0.9998418,0.9990532,0.99983966,0.9871486,1.0
1,0.9999881,0.9999989,1.0,0.99989545,1.0
1,0.9999933,1.0,1.0,0.9999982,1.0
1,0.9999912,0.99999976,1.0,0.9999033,1.0
1,0.99980396,1.0,1.0,0.9998878,1.0
1,0.94902664,0.9995036,0.99993765,0.99946505,0.9999999
1,0.9999993,0.9999964,1.0,0.9999087,1.0
1,0.99999964,0.99996173,1.0,0.9996923,1.0
1,0.9999788,0.9999609,1.0,0.9997439,1.0
1,0.99983823,0.9999988,1.0,0.99987304,1.0
1,0.99999595,0.99997485,1.0,0.99992526,1.0
1,0.999913,0.9999962,1.0,0.9882648,1.0
1,0.9999989,0.99999976,1.0,0.9886141,1.0
1,0.99999774,0.99997914,1.0,0.99972254,1.0
1,0.99989784,0.9956358,0.99861574,0.9363515,0.99999857
1,0.99989545,0.9921976,0.99906546,0.95325685,0.99999845
1,0.99957913,0.9999777,1.0,0.9850369,1.0
1,0.9999683,0.9999994,1.0,0.9929838,1.0
1,0.9999602,0.9998221,0.99980265,0.68324804,1.0
1,0.9993882,0.9999994,1.0,0.9999268,1.0
1,0.99996316,0.99999976,1.0,0.99910235,1.0
1,0.9999994,1.0,1.0,0.99972373,1.0
1,0.99997735,0.99998534,1.0,0.9999882,1.0
1,0.9999075,0.9997954,1.0,0.9996201,1.0
1,0.9999801,0.99999976,1.0,0.9996319,1.0
1,0.9999912,0.99999607,1.0,0.9995782,1.0
1,0.99965143,0.9999968,1.0,0.94290054,1.0
1,0.9997676,0.9999999,1.0,0.9999883,1.0
1,0.99998236,0.9999958,1.0,0.9868665,1.0
1,0.999899,0.9999819,1.0,0.9999869,1.0
1,0.9860362,0.99999785,1.0,0.047438476,0.9999999
1,0.99999285,0.997719,1.0,0.7740158,1.0
1,0.99988556,0.98784965,1.0,0.9893015,1.0
1,0.99993277,0.9997658,1.0,0.8441567,0.9999999
1,0.99785596,0.99799997,1.0,0.9442523,0.9999999
1,0.9974234,0.9985593,1.0,0.89477533,1.0
1,0.99864215,0.99992645,1.0,0.72373766,1.0
1,0.9459464,0.9312696,1.0,0.9604657,1.0
1,0.9999329,0.99999416,1.0,0.8550639,1.0
1,0.9999727,0.99999964,1.0,0.9566087,1.0
1,0.99973625,0.99998164,1.0,0.9307503,1.0
1,0.99958986,0.9999881,1.0,0.91639405,1.0
1,0.9999651,0.9999387,1.0,0.9694145,1.0
1,0.99587387,0.99994457,1.0,0.7775797,1.0
1,0.112059765,0.99542314,0.99996686,0.6023396,0.99995923
1,0.99997854,0.9998486,1.0,0.9379789,1.0
1,0.9998814,0.9997695,1.0,0.9973277,1.0
1,0.99988973,0.99996626,1.0,0.9999379,1.0
1,0.9999652,0.9978073,1.0,0.65357184,1.0
1,0.9980654,0.9999982,1.0,0.98187846,1.0
1,0.98225766,0.99999225,1.0,0.12984152,0.9999999
1,0.9996842,0.98207194,1.0,0.40198833,0.99998784
1,0.99768925,0.99989855,1.0,0.05006562,1.0
1,0.9999474,0.99999964,1.0,0.99530596,1.0
1,0.17770524,0.9998574,0.9904633,0.5521309,1.0
1,0.9999958,0.99998283,1.0,0.98756325,1.0
1,0.99996436,0.99999774,1.0,0.9946567,1.0
1,0.9987024,0.9999628,1.0,0.99247265,1.0
1,0.98876023,0.9999883,1.0,0.9898572,0.9999999
1,0.99911994,0.9879099,0.98315454,0.9999924,0.9999974
1,0.9999529,0.99991894,1.0,0.99984145,1.0
1,0.9999659,0.99999595,0.9999995,0.9999715,1.0
1,0.9998253,0.9999888,1.0,0.99985504,1.0
1,0.99894553,0.9802096,0.9999975,0.99954283,1.0
1,0.999785,0.99982774,0.9999989,0.99995375,0.9999888
1,0.99833435,0.99999535,0.99996805,0.9998148,1.0
1,0.9996581,0.9999956,0.99999535,0.99961805,0.9999999
1,0.99887615,0.99996483,0.99999666,0.99994063,0.9999999
1,0.99944574,0.99980944,0.9993773,0.9999976,1.0
1,0.99974734,0.9999831,0.99997795,0.9999969,0.99999857
1,0.9999732,0.99999964,0.99998164,0.99982136,0.9999995
1,0.99455595,0.999539,0.9998596,0.9999163,0.9999833
1,0.9749946,0.91667235,0.9983077,0.9999902,1.0
1,0.9966877,0.99818003,0.9999149,0.99985886,0.9998965
1,0.99994636,0.9999999,1.0,0.82675016,0.99932754
1,0.9998411,0.99999225,0.99974924,0.99987054,1.0
1,0.998485,0.9985927,1.0,0.9999881,1.0
1,0.9999713,0.99999774,1.0,0.9999896,1.0
1,0.99999726,0.9992341,0.9827451,0.9954529,1.0
1,0.99732363,0.9974744,0.9995747,0.9737898,0.99994016
1,0.9999069,0.9999716,0.9999962,0.9898489,1.0
1,0.9999968,0.9999846,0.99998796,0.99998105,1.0
1,0.99809843,0.99649835,0.99998057,0.98088145,1.0
1,0.9999864,1.0,0.99999964,0.99433655,1.0
1,0.9999994,0.9991603,0.9999968,0.9978485,1.0
1,0.99994516,0.98480266,0.99998677,0.9902953,1.0
1,0.999658,0.88651115,0.9999993,0.94751394,1.0
1,0.9999567,0.9929905,0.9956949,0.99797577,1.0
1,0.99997604,0.9990689,0.0011885404,0.97774166,1.0
1,0.9017665,0.13121417,0.0065370845,0.99636155,0.9445173
1,8.667817e-05,0.19076377,0.008273867,0.99981314,0.45360512
1,0.14435612,0.028085722,0.98240083,0.99898773,0.99531627
1,0.11946423,0.19091979,0.9938951,0.99992895,0.86928785
1,0.1254215,0.2684361,0.0010288337,0.9985253,0.03380489
1,0.008921627,0.027716307,0.066324,0.9969813,0.11509092
1,0.11446786,0.08236713,0.012531448,0.92402273,0.015714223
1,0.0010950399,0.02075615,0.0012922579,0.99929357,0.18311684
1,0.9605444,0.29504406,0.9998889,0.99994135,0.22562853
1,0.7492839,0.23858975,0.1497011,0.99959797,0.88231033
1,0.006210882,0.010154645,0.011395652,0.9947994,0.0005150737
1,0.03348438,0.029688545,0.94646025,0.99094766,0.9736563
1,0.002200739,0.018975578,0.0015648536,0.99588436,0.0035528094
1,0.040657554,0.02762119,0.74577343,0.82949007,0.030700479
1,0.010618713,0.054402158,0.00023567046,0.9232297,0.5473466
1,0.5921754,0.78450435,0.9998599,0.9997725,0.9999443
1,0.9784994,0.9999275,0.901919,0.99999464,1.0
1,0.990858,0.972843,0.9896567,0.9999962,0.99995863
1,0.069553286,0.6607282,0.99989676,0.9994307,0.9999981
1,0.00025770944,0.039190892,0.0052647707,0.99824667,0.99165815
1,0.070809275,0.06586946,0.0017759418,0.87920356,0.9863316
1,0.97640175,0.79125273,1.0,0.75506115,0.5141727
1,0.0004908459,0.42379066,0.006591676,0.99997926,0.99828476
1,0.08872764,0.9999474,0.9999459,0.9999951,1.0
1,0.007316957,0.118694894,0.9968394,0.9999957,0.95993906
1,0.0003048649,0.04100463,0.0011393738,0.99998677,0.99802065
1,0.9930763,0.9995708,0.99971503,0.9999398,1.0
1,0.91525954,0.99865735,1.0,0.9994234,1.0
1,0.9951025,0.99199533,0.0841666,0.7996357,0.9999417
1,5.456195e-05,0.040987067,0.00049014785,0.99377865,0.36422154
1,0.8557181,0.9992673,0.7811159,0.9999902,0.99999547
1,0.0024694426,0.33375698,0.9900614,0.99977714,0.9995042
1,0.0064871567,0.58040833,0.9961265,0.9957241,0.9964386
1,0.12985519,0.58258295,0.9614206,0.9996768,0.9995709
1,0.004036141,0.467177,0.0013331908,0.9933647,0.99999034
1,0.001965518,0.12165749,0.01092962,0.9974625,0.9778944
1,0.0030855718,0.34688178,0.972559,0.99015194,0.19053298
1,0.39603502,0.18307145,0.9974667,0.08414536,0.818939
1,0.007868937,0.6791206,0.99813205,0.99520457,0.9977506
1,0.04556749,0.4197648,0.9998367,0.9973278,0.9907699
1,0.012418164,0.9039159,0.9474143,0.99998295,0.9997656
1,0.02790249,0.012893585,1.1347505e-05,0.0130263865,0.00035968487
1,0.8900441,0.5164875,0.99999917,0.9995376,0.021276485
1,0.17304222,0.019279685,0.004552585,0.73695886,0.045666464
1,0.97546977,0.9106991,0.8765345,0.9674586,0.00835811
1,0.043242294,0.02428162,0.9130227,0.9992822,0.7044531
1,7.4489566e-05,0.0008651669,0.24552472,0.016392436,2.2383996e-05
1,0.0038066886,0.1320634,0.008399837,0.13594131,0.0057422663
1,0.10413989,0.009616671,0.9402945,0.3007045,0.00017716645
1,0.54262495,0.063737005,0.0071871267,0.75234133,0.001523512
1,0.4443367,0.0004670942,0.014138535,0.6970492,0.08341371
1,0.020875277,0.005534792,0.001700129,0.14451453,4.447112e-05
1,0.005723621,0.00024577643,7.067309e-05,0.02963832,8.1051374e-05
1,0.016617153,0.0047666775,1.8878462e-05,0.20482174,7.4797004e-05
1,0.025928354,0.0044132276,0.00095911435,0.009063881,5.573643e-06
1,0.08961724,0.90311676,0.002106089,0.98960847,0.0005750251
1,0.6011088,0.9837977,0.00017387242,0.9636519,0.99948174
1,0.024703939,0.25575012,0.085621506,0.98694617,1.0
1,0.94225216,0.9999999,0.98395765,0.99631834,1.0
1,0.99839216,0.9971687,0.86249775,0.9999908,1.0
1,0.9873574,0.99836165,0.9956791,0.9999958,0.9999999
1,0.99877447,0.9926737,0.8883705,0.9991217,1.0
1,0.9944576,0.9979881,0.9995968,0.99995637,1.0
1,0.17166461,0.9662525,0.61700964,0.9999999,0.98123795
1,0.9955552,0.9995859,0.9732983,0.9999989,0.9999939
1,0.58793116,0.9989311,0.001313134,1.0,0.9104673
1,0.013784652,0.32334986,0.28442696,0.9990368,1.0
1,0.9991115,0.99994195,0.99617237,0.9983802,1.0
1,0.9287741,0.97797304,0.24430573,0.99999964,0.9999994
1,0.99264574,0.9767939,0.9825851,0.99999404,1.0
1,0.9349322,0.9999964,0.9988636,0.9999896,1.0
1,0.9470944,0.99506325,0.52721894,0.9998149,0.9999789
1,0.975199,0.9963954,0.77317184,0.9963497,0.9997347
1,0.9681855,0.99866056,0.0024090183,0.9423379,0.26617017
1,0.9533573,0.9999726,0.9904275,0.9999515,0.99977523
1,0.9757141,0.6598861,0.7624633,0.99996066,0.9995516
1,0.53700346,0.998374,0.67957497,0.9850251,0.99462587
1,0.9895504,0.8894826,0.0028748945,0.99898523,0.9991609
1,0.999739,0.9978415,0.77593064,0.9999094,0.9996445
1,0.2649947,0.06476312,0.008464391,0.060689826,0.98508936
1,0.24111952,0.9455009,0.41027844,0.7417259,0.9996215
1,0.792771,0.9989737,0.99624145,0.9988049,0.9996798
1,0.7047465,0.9998042,0.20081285,0.92208433,0.99986315
1,0.3082644,0.03907267,0.9796127,0.99441975,0.9999982
1,0.07692053,0.49702534,0.012244297,0.3888156,0.9531463
1,0.9963553,0.9987612,1.0,0.98906016,0.9976599
1,0.9882323,0.98851854,0.98092157,0.9985863,0.9999393
1,0.94733953,0.97611016,0.9877264,0.9875124,0.9994579
1,0.99300075,0.99905556,0.9888416,0.97255975,0.9154669
1,0.10874431,0.98101735,0.99594927,0.41308704,0.97457844
1,0.5114426,0.9220106,0.16112211,0.9663695,0.999767
1,0.2276032,0.028914483,0.00043740985,3.1444135e-05,0.0014351693
1,0.99356973,0.88406426,0.9997433,0.94980407,0.99945205
1,0.012554593,0.13075496,0.028328458,1.3445851e-05,0.00078041246
1,0.5636756,0.98950595,0.7472214,0.0005233637,0.6591792
1,0.026599929,0.15704763,0.0014510016,0.0069748806,0.053554066
1,0.010983264,0.5724067,0.93904287,0.0060599195,0.030173354
1,0.0009797463,0.0023999708,0.00034336318,3.584711e-07,3.9675764e-05
1,0.02543074,0.41230717,0.98903334,0.042206157,0.3455209
1,0.86876553,0.94808066,0.72458863,0.060262684,0.5411909
1,0.85177696,0.18344453,0.0013108461,0.00021724013,0.0074275075
1,0.0037553173,0.63360935,0.00036496526,0.8189772,0.030688068
1,0.21834773,0.9999659,0.63907903,0.99999917,0.99992275
1,0.9544467,0.96301436,0.0016457502,0.99725586,0.99999976
1,0.9498266,0.99656576,0.9128394,0.98349345,0.9999995
1,0.99474454,0.99971706,0.14436215,0.9974957,1.0
1,0.7687444,0.4670676,0.28222066,0.9990563,1.0
1,0.9952186,0.72060394,0.983888,0.99972254,1.0
1,0.7112741,0.9993801,0.7893611,0.9998921,0.98983777
1,0.73542714,0.03739085,0.6326139,0.5638408,0.99999976
1,0.97413516,0.9994636,0.19431628,0.9978223,0.99988556
1,0.40323028,0.10438438,0.009865414,0.9995241,1.0
1,0.93970156,0.37524965,0.98699147,0.98664564,1.0
1,0.021271462,0.06191151,0.008996293,0.9699734,0.99998796
1,0.80200744,0.6178308,0.20166588,0.9939936,1.0
1,0.4361148,0.999181,0.089211755,0.998108,1.0
1,0.71315855,0.92497957,0.25658172,0.86221206,1.0
1,0.7966496,0.99986625,0.975293,0.9997172,1.0
1,0.9998896,0.99997413,0.9991372,0.999998,1.0
1,0.99994445,0.9960467,0.9998982,0.9975776,1.0
1,0.9962186,0.11631358,0.96355957,0.98814696,1.0
